140915,750,ploughman's-lunch-731
187163,507,steak-and-ale-pie-346
240343,218,poitin-996
206853,944,bubble-and-squeak-451
134458,886,bubble-and-squeak-724
202486,88,ploughman's-lunch-686
46597,337,poitin-648
243282,40,fish-and-chips-906
224108,614,poitin-262
227502,898,poitin-542
26841,671,bubble-and-squeak-268
170974,220,bubble-and-squeak-962
88967,34,cottage-pie-884
280055,228,poitin-242
239310,58,steak-and-ale-pie-542
167006,530,poitin-844
104210,612,cottage-pie-904
115664,689,cottage-pie-165
112303,112,cottage-pie-823
285650,237,fish-and-chips-583
125207,485,poitin-712
18992,321,poitin-970
142290,12,fish-and-chips-986
65577,651,cottage-pie-938
275978,169,bubble-and-squeak-983
121001,500,poitin-767
75558,891,cottage-pie-832
6159,842,ploughman's-lunch-248
221164,283,fish-and-chips-530
93183,231,cottage-pie-377
144995,901,poitin-623
65783,507,bubble-and-squeak-234
285002,125,steak-and-ale-pie-37
289060,135,bubble-and-squeak-786
292792,60,cottage-pie-993
148476,363,steak-and-ale-pie-594
105757,608,poitin-660
172750,484,fish-and-chips-831
235766,227,poitin-409
14316,349,fish-and-chips-294
194803,418,steak-and-ale-pie-182
85928,137,ploughman's-lunch-156
158069,164,poitin-169
124896,152,cottage-pie-426
181038,970,cottage-pie-229
162877,985,cottage-pie-218
169823,290,fish-and-chips-183
17613,182,poitin-35
222731,162,fish-and-chips-428
79966,554,bubble-and-squeak-690
40863,928,fish-and-chips-44
51095,879,steak-and-ale-pie-438
135004,248,poitin-478
213006,475,fish-and-chips-8
24668,868,cottage-pie-38
165535,353,fish-and-chips-160
184898,204,cottage-pie-416
93672,858,ploughman's-lunch-725
236314,698,poitin-738
21542,810,ploughman's-lunch-860
47361,262,bubble-and-squeak-715
184357,798,fish-and-chips-314
64513,668,ploughman's-lunch-873
241760,246,bubble-and-squeak-448
42292,455,ploughman's-lunch-458
89124,468,fish-and-chips-738
285886,155,steak-and-ale-pie-996
27669,913,poitin-909
9318,59,bubble-and-squeak-9
218044,952,fish-and-chips-146
44458,500,ploughman's-lunch-464
21783,177,bubble-and-squeak-649
42097,562,bubble-and-squeak-328
21720,243,poitin-910
246750,764,steak-and-ale-pie-804
3923,269,poitin-428
65830,741,fish-and-chips-549
162050,780,cottage-pie-772
169840,41,poitin-220
257530,879,bubble-and-squeak-331
69867,901,bubble-and-squeak-207
194257,477,fish-and-chips-704
117682,620,fish-and-chips-459
176425,763,steak-and-ale-pie-336
106197,89,fish-and-chips-458
67840,505,ploughman's-lunch-432
245244,247,steak-and-ale-pie-807
79124,536,steak-and-ale-pie-790
134760,509,steak-and-ale-pie-746
146277,308,cottage-pie-918
125950,604,bubble-and-squeak-896
29473,26,steak-and-ale-pie-773
148951,670,poitin-595
277629,275,steak-and-ale-pie-317
72664,734,ploughman's-lunch-765
30507,736,cottage-pie-176
204784,203,bubble-and-squeak-775
30246,388,steak-and-ale-pie-371
68224,69,steak-and-ale-pie-224
1232,365,cottage-pie-889
282298,101,fish-and-chips-222
147572,208,poitin-264
32417,266,ploughman's-lunch-575
85210,488,bubble-and-squeak-196
130048,965,cottage-pie-560
261077,618,ploughman's-lunch-560
245954,877,bubble-and-squeak-63
245194,322,steak-and-ale-pie-497
69053,626,bubble-and-squeak-281
77493,243,bubble-and-squeak-537
189285,493,ploughman's-lunch-877
20076,313,poitin-685
202438,981,fish-and-chips-649
95374,655,fish-and-chips-808
222415,457,fish-and-chips-39
97314,40,bubble-and-squeak-879
295360,672,fish-and-chips-556
293972,484,ploughman's-lunch-459
14988,834,fish-and-chips-565
221978,470,ploughman's-lunch-615
69075,713,bubble-and-squeak-917
178384,638,cottage-pie-148
1775,501,fish-and-chips-74
283071,769,bubble-and-squeak-116
279449,570,cottage-pie-596
23513,729,steak-and-ale-pie-310
299257,341,steak-and-ale-pie-441
297030,760,bubble-and-squeak-116
273415,820,cottage-pie-505
55589,708,ploughman's-lunch-418
64677,588,fish-and-chips-78
244534,410,fish-and-chips-540
151527,9,steak-and-ale-pie-507
251812,125,cottage-pie-667
217310,179,steak-and-ale-pie-44
146119,726,ploughman's-lunch-844
219621,128,cottage-pie-851
167138,855,bubble-and-squeak-453
29464,179,fish-and-chips-904
18769,312,bubble-and-squeak-239
224776,404,steak-and-ale-pie-128
277464,660,cottage-pie-211
18883,53,bubble-and-squeak-373
161564,327,steak-and-ale-pie-599
121556,487,bubble-and-squeak-573
204376,675,steak-and-ale-pie-697
189909,851,poitin-656
123751,319,ploughman's-lunch-576
86404,900,bubble-and-squeak-324
33081,548,steak-and-ale-pie-236
216776,294,steak-and-ale-pie-52
279138,925,fish-and-chips-664
282997,797,poitin-122
287575,713,fish-and-chips-609
27437,250,steak-and-ale-pie-27
23036,354,cottage-pie-922
62584,41,fish-and-chips-383
86945,82,cottage-pie-88
89166,459,cottage-pie-356
206460,338,bubble-and-squeak-781
180008,438,poitin-795
257221,370,bubble-and-squeak-790
294745,869,steak-and-ale-pie-5
80995,458,poitin-257
194400,801,cottage-pie-103
220136,497,fish-and-chips-704
48820,264,steak-and-ale-pie-641
203295,286,bubble-and-squeak-617
289471,350,cottage-pie-119
273985,108,ploughman's-lunch-84
132479,281,fish-and-chips-815
229818,46,fish-and-chips-444
19703,488,ploughman's-lunch-754
173384,138,bubble-and-squeak-923
222866,58,bubble-and-squeak-349
261889,230,poitin-340
262704,617,poitin-561
202468,352,steak-and-ale-pie-871
223707,564,cottage-pie-206
297780,539,ploughman's-lunch-86
264244,239,cottage-pie-446
144481,670,steak-and-ale-pie-934
102235,65,steak-and-ale-pie-290
223728,444,poitin-349
74503,271,ploughman's-lunch-378
21402,846,poitin-776
234168,639,poitin-592
242805,85,fish-and-chips-803
111325,326,steak-and-ale-pie-997
40757,460,bubble-and-squeak-849
84216,255,ploughman's-lunch-214
167914,993,steak-and-ale-pie-343
16147,243,bubble-and-squeak-219
119063,105,steak-and-ale-pie-631
126946,201,poitin-734
102367,866,cottage-pie-872
98851,874,ploughman's-lunch-166
140440,250,fish-and-chips-46
293219,186,ploughman's-lunch-755
297091,662,poitin-516
240542,424,cottage-pie-838
172945,363,cottage-pie-449
154459,469,fish-and-chips-663
225508,497,bubble-and-squeak-181
159585,611,steak-and-ale-pie-119
87271,328,cottage-pie-613
92972,878,fish-and-chips-736
1706,347,fish-and-chips-956
17156,288,steak-and-ale-pie-241
268399,180,cottage-pie-81
206012,660,cottage-pie-141
99791,290,fish-and-chips-458
27430,150,steak-and-ale-pie-10
169421,398,bubble-and-squeak-974
163412,193,ploughman's-lunch-325
93650,202,poitin-907
263633,639,poitin-979
14957,945,cottage-pie-99
31890,592,bubble-and-squeak-847
272192,2,steak-and-ale-pie-34
129887,401,poitin-661
20713,546,poitin-246
17543,462,steak-and-ale-pie-772
81216,643,ploughman's-lunch-639
87074,506,steak-and-ale-pie-887
245144,730,bubble-and-squeak-798
39043,965,bubble-and-squeak-401
157040,539,bubble-and-squeak-61
160535,718,steak-and-ale-pie-932
153645,394,ploughman's-lunch-426
245225,806,cottage-pie-34
229601,345,bubble-and-squeak-874
115032,473,bubble-and-squeak-53
23164,273,cottage-pie-758
179315,213,fish-and-chips-911
257221,773,ploughman's-lunch-27
219832,279,cottage-pie-490
33009,442,bubble-and-squeak-773
71234,825,fish-and-chips-45
67124,895,poitin-226
291697,843,steak-and-ale-pie-532
268057,68,bubble-and-squeak-558
200717,612,bubble-and-squeak-418
69915,945,bubble-and-squeak-465
128317,779,fish-and-chips-417
19363,670,poitin-783
271269,227,bubble-and-squeak-697
133622,495,fish-and-chips-898
221505,906,steak-and-ale-pie-660
110298,747,fish-and-chips-703
197413,651,poitin-28
242319,950,bubble-and-squeak-15
202216,224,bubble-and-squeak-270
147622,690,bubble-and-squeak-649
175366,500,cottage-pie-780
137708,138,fish-and-chips-443
277859,230,fish-and-chips-471
215179,676,bubble-and-squeak-174
259720,233,steak-and-ale-pie-759
68115,710,ploughman's-lunch-484
106760,509,cottage-pie-275
63690,150,ploughman's-lunch-455
47175,227,bubble-and-squeak-910
30176,211,steak-and-ale-pie-38
55158,745,fish-and-chips-265
65194,754,poitin-808
219564,613,fish-and-chips-880
147573,321,fish-and-chips-392
190689,561,bubble-and-squeak-22
64489,674,poitin-63
102709,199,bubble-and-squeak-741
12701,239,bubble-and-squeak-706
184823,494,cottage-pie-958
14016,662,bubble-and-squeak-87
31519,133,cottage-pie-972
34349,563,poitin-788
25622,411,bubble-and-squeak-312
58166,384,cottage-pie-127
208499,120,steak-and-ale-pie-363
263780,52,steak-and-ale-pie-37
281714,740,fish-and-chips-588
263825,661,ploughman's-lunch-880
255552,939,ploughman's-lunch-273
74254,637,poitin-610
51072,844,steak-and-ale-pie-519
113112,842,cottage-pie-541
219039,773,poitin-21
79152,775,ploughman's-lunch-648
247825,51,ploughman's-lunch-95
245522,187,steak-and-ale-pie-67
166908,639,fish-and-chips-624
298972,927,poitin-890
251713,786,ploughman's-lunch-814
290262,457,cottage-pie-629
69153,559,ploughman's-lunch-144
163994,362,cottage-pie-623
81816,488,steak-and-ale-pie-977
199015,909,ploughman's-lunch-884
116681,405,poitin-675
93209,210,cottage-pie-284
53202,12,steak-and-ale-pie-176
81500,956,poitin-585
239058,75,ploughman's-lunch-285
82607,926,bubble-and-squeak-369
116163,120,cottage-pie-205
203805,673,bubble-and-squeak-814
234222,34,bubble-and-squeak-30
36104,951,steak-and-ale-pie-727
172828,107,cottage-pie-471
36244,800,steak-and-ale-pie-113
285622,456,poitin-487
199772,983,bubble-and-squeak-998
239977,681,ploughman's-lunch-925
218728,541,ploughman's-lunch-287
246649,63,poitin-420
166898,460,steak-and-ale-pie-972
7191,750,poitin-817
275656,233,ploughman's-lunch-718
263670,947,cottage-pie-722
287313,879,ploughman's-lunch-926
119615,695,bubble-and-squeak-22
54655,625,fish-and-chips-851
99464,226,bubble-and-squeak-308
246494,680,bubble-and-squeak-184
46405,70,fish-and-chips-630
72273,643,poitin-531
149002,786,fish-and-chips-849
275653,2,ploughman's-lunch-486
199961,402,bubble-and-squeak-486
41166,817,ploughman's-lunch-589
32562,270,steak-and-ale-pie-414
74761,840,fish-and-chips-920
113666,619,poitin-472
19851,541,poitin-991
51421,381,fish-and-chips-449
290316,511,poitin-336
70928,733,ploughman's-lunch-628
270525,264,steak-and-ale-pie-543
51333,280,ploughman's-lunch-400
145285,555,fish-and-chips-336
279537,971,poitin-48
153177,163,bubble-and-squeak-701
289106,714,poitin-512
248654,387,steak-and-ale-pie-293
14309,510,steak-and-ale-pie-129
14701,86,bubble-and-squeak-177
134686,314,cottage-pie-198
100164,961,fish-and-chips-332
252987,652,fish-and-chips-654
57564,371,poitin-225
71927,905,ploughman's-lunch-22
115549,839,bubble-and-squeak-456
132952,201,steak-and-ale-pie-711
291640,773,fish-and-chips-296
108760,42,ploughman's-lunch-221
94313,207,poitin-24
139422,947,poitin-22
271354,573,bubble-and-squeak-282
58945,8,poitin-578
213742,781,steak-and-ale-pie-386
168769,536,poitin-762
217935,13,steak-and-ale-pie-494
251483,810,steak-and-ale-pie-282
37163,64,fish-and-chips-33
138584,742,poitin-486
249741,268,poitin-755
102539,468,poitin-275
198999,651,bubble-and-squeak-419
189929,283,cottage-pie-477
39527,344,cottage-pie-196
276990,903,ploughman's-lunch-999
157185,601,bubble-and-squeak-57
277405,28,poitin-478
91571,80,fish-and-chips-787
34455,263,fish-and-chips-603
288241,396,ploughman's-lunch-264
177228,326,cottage-pie-577
216134,672,steak-and-ale-pie-922
109414,218,steak-and-ale-pie-828
92510,38,poitin-393
78433,913,bubble-and-squeak-435
260355,908,cottage-pie-354
272754,179,bubble-and-squeak-595
116661,667,fish-and-chips-800
103381,474,poitin-295
20339,5,poitin-271
27634,846,bubble-and-squeak-139
29052,186,poitin-552
9549,620,fish-and-chips-858
45617,486,poitin-237
10985,715,steak-and-ale-pie-154
198975,372,ploughman's-lunch-759
88269,869,cottage-pie-177
217001,298,poitin-159
254757,735,cottage-pie-285
278401,909,steak-and-ale-pie-327
93893,582,bubble-and-squeak-440
39571,513,cottage-pie-115
87802,326,bubble-and-squeak-772
175651,952,steak-and-ale-pie-683
177214,308,poitin-661
189013,506,bubble-and-squeak-333
79441,937,bubble-and-squeak-362
195363,585,poitin-354
3027,642,poitin-737
60122,462,ploughman's-lunch-603
73654,310,poitin-350
289648,924,bubble-and-squeak-34
201258,171,poitin-391
131524,469,fish-and-chips-545
29358,452,cottage-pie-871
164650,541,fish-and-chips-139
93684,261,bubble-and-squeak-386
174422,856,poitin-435
189926,188,bubble-and-squeak-896
271444,736,cottage-pie-991
278621,288,fish-and-chips-561
60540,687,poitin-76
238223,473,bubble-and-squeak-57
26469,425,bubble-and-squeak-824
296391,592,ploughman's-lunch-819
10932,796,steak-and-ale-pie-522
171891,339,poitin-13
186814,553,poitin-256
289833,750,steak-and-ale-pie-308
70241,42,ploughman's-lunch-587
17857,698,fish-and-chips-194
196334,684,fish-and-chips-861
165877,597,ploughman's-lunch-674
270544,664,cottage-pie-504
243440,524,bubble-and-squeak-874
227901,552,poitin-133
72990,431,fish-and-chips-874
166075,338,fish-and-chips-428
263341,927,bubble-and-squeak-47
56937,950,cottage-pie-874
162065,678,fish-and-chips-403
151879,503,cottage-pie-173
252565,856,bubble-and-squeak-777
265521,826,poitin-110
109147,345,poitin-651
59463,413,fish-and-chips-461
199662,446,poitin-82
112622,277,poitin-393
36319,110,poitin-662
84466,121,cottage-pie-880
189370,95,fish-and-chips-255
191309,413,ploughman's-lunch-50
225304,118,poitin-116
171849,214,bubble-and-squeak-101
288861,147,steak-and-ale-pie-17
72499,876,ploughman's-lunch-54
179759,226,steak-and-ale-pie-649
178260,426,ploughman's-lunch-481
87786,660,steak-and-ale-pie-836
181553,531,poitin-583
261933,602,cottage-pie-980
70606,273,bubble-and-squeak-570
156293,440,steak-and-ale-pie-370
71253,741,fish-and-chips-869
77445,374,cottage-pie-522
229301,695,steak-and-ale-pie-145
87006,900,cottage-pie-199
164130,92,cottage-pie-245
291345,545,bubble-and-squeak-926
141713,216,bubble-and-squeak-229
207488,897,cottage-pie-359
107463,556,poitin-990
117316,93,steak-and-ale-pie-587
132891,873,bubble-and-squeak-3
164336,168,poitin-707
193764,388,fish-and-chips-164
263816,114,ploughman's-lunch-661
131986,11,bubble-and-squeak-530
148092,183,cottage-pie-138
221467,310,cottage-pie-444
209713,350,poitin-584
283159,441,steak-and-ale-pie-860
4114,105,bubble-and-squeak-192
54748,836,fish-and-chips-353
81115,402,ploughman's-lunch-674
156415,266,fish-and-chips-244
230227,771,fish-and-chips-620
176641,842,poitin-627
186885,258,steak-and-ale-pie-957
142557,908,fish-and-chips-351
291891,900,ploughman's-lunch-914
147967,236,cottage-pie-299
4570,517,steak-and-ale-pie-437
128169,12,fish-and-chips-791
247064,65,steak-and-ale-pie-629
730,926,bubble-and-squeak-706
137748,444,steak-and-ale-pie-322
290668,403,poitin-354
216921,912,poitin-718
80575,113,fish-and-chips-575
13712,987,bubble-and-squeak-649
252798,330,poitin-993
90537,221,cottage-pie-94
197817,74,cottage-pie-144
60383,549,bubble-and-squeak-714
108966,979,cottage-pie-157
64719,538,cottage-pie-804
265896,188,bubble-and-squeak-700
120526,94,bubble-and-squeak-923
148100,88,poitin-62
52362,375,steak-and-ale-pie-526
277807,965,fish-and-chips-359
237935,254,ploughman's-lunch-627
293567,47,bubble-and-squeak-11
1117,190,fish-and-chips-80
139179,854,ploughman's-lunch-891
70842,113,ploughman's-lunch-784
41712,804,bubble-and-squeak-761
139166,492,steak-and-ale-pie-582
105224,622,poitin-282
175818,12,bubble-and-squeak-537
250177,537,fish-and-chips-408
111017,337,steak-and-ale-pie-309
122123,415,steak-and-ale-pie-844
193260,315,fish-and-chips-514
182068,641,steak-and-ale-pie-657
269822,222,ploughman's-lunch-672
283806,977,cottage-pie-814
249923,613,steak-and-ale-pie-266
144233,448,cottage-pie-322
91408,910,steak-and-ale-pie-109
148051,647,poitin-582
6383,423,bubble-and-squeak-163
39620,160,fish-and-chips-218
242183,281,steak-and-ale-pie-192
286127,536,bubble-and-squeak-239
226783,858,steak-and-ale-pie-992
182688,245,ploughman's-lunch-406
280753,331,poitin-250
59757,300,ploughman's-lunch-642
194543,932,bubble-and-squeak-759
192312,27,poitin-647
68384,39,steak-and-ale-pie-437
210206,736,fish-and-chips-457
19325,701,steak-and-ale-pie-774
204092,871,steak-and-ale-pie-970
153491,629,poitin-546
18424,125,poitin-165
119195,277,ploughman's-lunch-911
183644,914,ploughman's-lunch-508
49200,344,poitin-523
165460,801,fish-and-chips-975
159770,420,steak-and-ale-pie-653
72316,119,bubble-and-squeak-156
20786,342,ploughman's-lunch-364
43876,508,bubble-and-squeak-495
224602,276,poitin-689
299074,901,cottage-pie-606
105785,150,cottage-pie-869
27048,230,steak-and-ale-pie-119
139801,364,steak-and-ale-pie-946
151451,507,ploughman's-lunch-397
157968,560,steak-and-ale-pie-487
224813,897,bubble-and-squeak-440
282613,245,bubble-and-squeak-773
274016,992,steak-and-ale-pie-538
112578,532,fish-and-chips-379
93075,246,ploughman's-lunch-840
147756,288,steak-and-ale-pie-598
82614,987,fish-and-chips-188
220730,601,cottage-pie-398
175316,345,steak-and-ale-pie-225
109827,559,ploughman's-lunch-79
101106,754,ploughman's-lunch-824
286130,879,ploughman's-lunch-319
59978,306,bubble-and-squeak-789
20264,134,ploughman's-lunch-608
99910,390,fish-and-chips-730
61919,429,steak-and-ale-pie-992
128388,270,ploughman's-lunch-884
86007,273,poitin-481
125998,632,fish-and-chips-511
177461,336,cottage-pie-220
135541,980,bubble-and-squeak-834
220350,427,steak-and-ale-pie-621
217044,601,poitin-620
81478,828,bubble-and-squeak-426
45591,638,fish-and-chips-630
110428,256,bubble-and-squeak-332
51193,128,bubble-and-squeak-151
211334,806,fish-and-chips-842
17357,245,poitin-193
165922,804,steak-and-ale-pie-747
263674,949,bubble-and-squeak-142
81009,968,bubble-and-squeak-474
101374,96,steak-and-ale-pie-985
144678,475,fish-and-chips-187
182928,625,bubble-and-squeak-685
206690,1,poitin-423
212327,34,fish-and-chips-216
95431,7,bubble-and-squeak-151
194018,186,steak-and-ale-pie-102
130973,293,bubble-and-squeak-531
149044,965,bubble-and-squeak-67
11758,425,fish-and-chips-615
158239,859,fish-and-chips-712
234643,111,bubble-and-squeak-351
182453,106,cottage-pie-498
286230,206,cottage-pie-85
197428,783,cottage-pie-47
243455,997,bubble-and-squeak-642
246977,503,fish-and-chips-749
246450,629,steak-and-ale-pie-706
138118,385,fish-and-chips-940
87506,801,steak-and-ale-pie-498
24357,362,bubble-and-squeak-453
198595,214,fish-and-chips-131
6138,121,cottage-pie-955
103694,687,poitin-978
94519,858,bubble-and-squeak-663
187423,386,steak-and-ale-pie-394
162461,696,steak-and-ale-pie-162
145389,301,ploughman's-lunch-543
68918,389,ploughman's-lunch-755
57081,125,fish-and-chips-874
299502,530,fish-and-chips-168
64079,682,ploughman's-lunch-289
271599,141,fish-and-chips-986
206257,176,bubble-and-squeak-663
128403,738,steak-and-ale-pie-89
174320,503,poitin-522
138205,858,fish-and-chips-986
39697,545,cottage-pie-472
185472,975,steak-and-ale-pie-240
244147,908,steak-and-ale-pie-81
264881,592,ploughman's-lunch-21
204180,99,fish-and-chips-280
195238,763,ploughman's-lunch-626
227213,377,bubble-and-squeak-796
78716,949,steak-and-ale-pie-602
45241,410,bubble-and-squeak-629
245445,306,poitin-445
255681,710,steak-and-ale-pie-751
46908,67,bubble-and-squeak-164
234569,915,poitin-390
174559,181,ploughman's-lunch-818
225991,844,poitin-62
294284,959,fish-and-chips-87
13972,4,steak-and-ale-pie-173
7046,15,fish-and-chips-63
13593,357,steak-and-ale-pie-885
227374,406,steak-and-ale-pie-18
42574,132,steak-and-ale-pie-739
179559,978,bubble-and-squeak-906
149626,445,steak-and-ale-pie-725
40805,264,bubble-and-squeak-424
280950,467,cottage-pie-276
211354,853,bubble-and-squeak-939
71191,90,steak-and-ale-pie-520
259689,629,bubble-and-squeak-133
129351,760,ploughman's-lunch-564
101203,501,fish-and-chips-266
178277,426,bubble-and-squeak-254
4630,396,ploughman's-lunch-497
181012,710,steak-and-ale-pie-542
11097,725,cottage-pie-977
33909,841,cottage-pie-750
282979,680,ploughman's-lunch-470
176711,248,cottage-pie-876
189372,396,ploughman's-lunch-291
298392,345,cottage-pie-930
79339,58,fish-and-chips-897
137371,810,bubble-and-squeak-994
133644,73,cottage-pie-140
125956,545,fish-and-chips-361
228328,467,fish-and-chips-250
120085,407,bubble-and-squeak-30
295170,667,cottage-pie-99
177789,144,poitin-247
184762,253,ploughman's-lunch-312
273691,933,fish-and-chips-712
297728,158,fish-and-chips-279
245674,715,ploughman's-lunch-382
138557,718,poitin-921
258332,806,steak-and-ale-pie-197
246198,509,steak-and-ale-pie-32
267273,518,bubble-and-squeak-162
76564,178,steak-and-ale-pie-550
43525,50,fish-and-chips-890
191309,803,fish-and-chips-754
45102,231,poitin-405
107869,99,cottage-pie-497
50427,652,cottage-pie-128
164580,308,cottage-pie-226
235570,227,poitin-558
149182,316,bubble-and-squeak-316
120362,436,steak-and-ale-pie-351
149346,369,ploughman's-lunch-474
101321,518,steak-and-ale-pie-339
286726,437,ploughman's-lunch-268
222706,860,ploughman's-lunch-924
238987,910,fish-and-chips-441
9934,969,bubble-and-squeak-577
162858,316,steak-and-ale-pie-559
117447,283,fish-and-chips-553
71092,743,bubble-and-squeak-722
16895,572,poitin-255
96952,603,poitin-45
235159,228,steak-and-ale-pie-231
259043,442,cottage-pie-464
225228,359,steak-and-ale-pie-406
163553,654,bubble-and-squeak-94
170577,176,fish-and-chips-938
188001,90,ploughman's-lunch-662
99889,342,fish-and-chips-410
120989,796,fish-and-chips-548
49193,311,ploughman's-lunch-277
285879,793,poitin-401
30427,496,ploughman's-lunch-456
216279,816,fish-and-chips-407
254793,704,bubble-and-squeak-178
91022,741,poitin-769
275233,318,ploughman's-lunch-938
28445,375,steak-and-ale-pie-526
96307,328,cottage-pie-774
26835,443,steak-and-ale-pie-156
99780,232,fish-and-chips-271
277137,919,bubble-and-squeak-275
221213,64,cottage-pie-67
113447,254,bubble-and-squeak-504
35288,721,bubble-and-squeak-29
184636,574,steak-and-ale-pie-674
256741,579,bubble-and-squeak-960
165180,655,ploughman's-lunch-324
289395,221,ploughman's-lunch-695
121679,390,ploughman's-lunch-912
244948,880,fish-and-chips-699
77822,326,poitin-787
134015,451,cottage-pie-321
85452,3,steak-and-ale-pie-45
206030,66,steak-and-ale-pie-368
259576,689,ploughman's-lunch-264
48882,67,cottage-pie-117
282770,78,steak-and-ale-pie-77
85657,530,ploughman's-lunch-873
233864,989,poitin-134
101595,183,cottage-pie-95
187869,961,ploughman's-lunch-935
248096,173,cottage-pie-484
127204,709,ploughman's-lunch-779
131763,997,bubble-and-squeak-56
26213,45,fish-and-chips-787
230371,140,steak-and-ale-pie-977
240051,484,cottage-pie-963
182725,17,steak-and-ale-pie-522
232800,873,ploughman's-lunch-814
166610,13,bubble-and-squeak-223
83249,648,cottage-pie-61
285710,439,poitin-328
264920,145,poitin-876
202778,108,poitin-458
276457,241,bubble-and-squeak-439
245978,38,cottage-pie-212
266693,697,fish-and-chips-119
26977,630,steak-and-ale-pie-943
124750,391,fish-and-chips-925
166882,869,poitin-755
45222,271,steak-and-ale-pie-808
175943,943,bubble-and-squeak-715
103591,451,bubble-and-squeak-713
134876,626,poitin-14
62821,191,cottage-pie-353
3828,471,steak-and-ale-pie-329
242673,972,ploughman's-lunch-86
103831,113,ploughman's-lunch-849
43089,886,poitin-330
219961,829,fish-and-chips-75
94112,475,cottage-pie-32
15945,417,ploughman's-lunch-883
276112,36,bubble-and-squeak-874
293492,964,ploughman's-lunch-207
121753,369,bubble-and-squeak-46
23964,241,steak-and-ale-pie-915
264359,766,fish-and-chips-118
185491,69,bubble-and-squeak-669
14822,176,fish-and-chips-951
159508,433,bubble-and-squeak-450
234890,879,cottage-pie-574
221831,845,fish-and-chips-31
192893,459,poitin-965
215033,251,fish-and-chips-85
141582,591,ploughman's-lunch-118
226159,147,ploughman's-lunch-721
3635,375,poitin-128
44367,792,ploughman's-lunch-489
286363,630,fish-and-chips-990
281328,50,poitin-569
218759,621,cottage-pie-31
176638,263,cottage-pie-955
270219,894,cottage-pie-701
106787,363,fish-and-chips-582
55723,218,cottage-pie-837
183421,100,poitin-296
25973,37,poitin-856
36397,800,bubble-and-squeak-956
216033,540,bubble-and-squeak-399
234489,148,fish-and-chips-761
112017,338,ploughman's-lunch-915
65483,349,fish-and-chips-459
25159,80,bubble-and-squeak-118
72142,29,ploughman's-lunch-835
89527,690,ploughman's-lunch-685
65179,234,steak-and-ale-pie-322
108994,830,cottage-pie-607
60034,163,steak-and-ale-pie-569
108794,210,steak-and-ale-pie-959
289111,592,fish-and-chips-417
258867,446,steak-and-ale-pie-208
222785,719,poitin-209
161335,349,cottage-pie-330
290753,65,fish-and-chips-349
270145,173,ploughman's-lunch-391
209455,354,cottage-pie-59
72858,403,steak-and-ale-pie-831
254308,739,bubble-and-squeak-255
101326,583,bubble-and-squeak-461
71900,149,steak-and-ale-pie-261
237359,6,bubble-and-squeak-806
108534,775,steak-and-ale-pie-971
173453,235,poitin-972
164525,496,fish-and-chips-770
247103,727,ploughman's-lunch-239
4732,294,cottage-pie-575
268817,248,bubble-and-squeak-530
106908,488,fish-and-chips-195
273351,706,steak-and-ale-pie-887
156842,650,fish-and-chips-134
175845,282,fish-and-chips-711
134603,871,steak-and-ale-pie-3
128080,415,fish-and-chips-378
167398,409,poitin-748
192201,84,bubble-and-squeak-726
69012,453,cottage-pie-141
66059,86,cottage-pie-373
100480,666,poitin-8
77581,778,bubble-and-squeak-650
210293,429,fish-and-chips-528
133612,350,steak-and-ale-pie-69
157581,421,ploughman's-lunch-359
91939,648,cottage-pie-348
282097,922,fish-and-chips-668
131923,221,cottage-pie-346
148032,687,poitin-828
213061,286,bubble-and-squeak-661
143019,651,cottage-pie-248
219137,432,bubble-and-squeak-25
227045,194,bubble-and-squeak-293
268435,793,poitin-580
3841,307,ploughman's-lunch-226
133924,820,cottage-pie-485
217785,441,bubble-and-squeak-834
87986,418,cottage-pie-450
234979,209,ploughman's-lunch-20
188874,36,ploughman's-lunch-273
290370,669,fish-and-chips-68
197074,676,cottage-pie-936
9740,538,ploughman's-lunch-428
222476,85,bubble-and-squeak-772
35732,982,fish-and-chips-646
206101,891,poitin-957
115360,444,cottage-pie-906
84479,550,fish-and-chips-328
4191,542,steak-and-ale-pie-776
7387,708,cottage-pie-638
71051,596,cottage-pie-474
41928,719,steak-and-ale-pie-575
151448,211,poitin-585
55009,479,poitin-600
263268,583,ploughman's-lunch-314
16057,944,ploughman's-lunch-943
154324,275,steak-and-ale-pie-754
205659,580,fish-and-chips-327
129886,434,bubble-and-squeak-63
286086,142,fish-and-chips-48
102323,650,ploughman's-lunch-366
235804,161,bubble-and-squeak-529
377,857,poitin-378
86880,1000,cottage-pie-8
142132,680,fish-and-chips-749
292700,168,ploughman's-lunch-949
140391,347,poitin-463
196084,236,bubble-and-squeak-692
137913,889,poitin-675
98974,67,cottage-pie-143
197146,507,cottage-pie-995
191507,937,steak-and-ale-pie-536
267310,492,ploughman's-lunch-476
43891,539,fish-and-chips-637
240712,11,ploughman's-lunch-805
195378,449,poitin-671
99383,50,cottage-pie-170
51904,440,steak-and-ale-pie-582
31330,888,fish-and-chips-600
217546,324,poitin-724
151094,224,steak-and-ale-pie-885
165074,559,steak-and-ale-pie-213
42950,23,fish-and-chips-606
161817,237,poitin-450
152635,739,ploughman's-lunch-947
119656,243,ploughman's-lunch-950
189809,399,ploughman's-lunch-451
82665,853,bubble-and-squeak-705
78542,753,steak-and-ale-pie-139
253994,995,cottage-pie-656
185267,19,cottage-pie-351
130937,998,cottage-pie-514
126608,216,steak-and-ale-pie-382
287778,704,cottage-pie-638
162663,200,poitin-579
268358,117,cottage-pie-805
45711,294,fish-and-chips-142
276793,997,fish-and-chips-665
18440,126,cottage-pie-438
195121,602,poitin-435
207371,897,fish-and-chips-324
202718,214,cottage-pie-142
197514,10,fish-and-chips-75
286683,691,steak-and-ale-pie-974
156507,434,poitin-630
159388,782,bubble-and-squeak-496
202636,903,cottage-pie-615
192898,707,fish-and-chips-339
130641,477,steak-and-ale-pie-97
77763,883,fish-and-chips-634
14426,616,poitin-706
284129,530,poitin-874
242239,810,steak-and-ale-pie-659
50215,900,poitin-530
285985,83,bubble-and-squeak-75
35682,750,steak-and-ale-pie-202
205064,87,bubble-and-squeak-355
277660,51,fish-and-chips-883
160721,190,cottage-pie-960
212963,312,fish-and-chips-245
275251,147,ploughman's-lunch-772
142487,478,fish-and-chips-679
188852,99,cottage-pie-670
157792,764,ploughman's-lunch-583
195053,674,ploughman's-lunch-375
295306,655,steak-and-ale-pie-753
257802,973,cottage-pie-288
202713,262,poitin-427
102443,175,cottage-pie-74
259057,506,cottage-pie-407
263101,361,ploughman's-lunch-328
93091,153,cottage-pie-471
167857,671,bubble-and-squeak-695
83186,713,steak-and-ale-pie-222
215769,490,cottage-pie-951
215515,357,steak-and-ale-pie-26
11182,286,bubble-and-squeak-66
122752,796,fish-and-chips-404
59009,354,steak-and-ale-pie-308
197947,314,bubble-and-squeak-954
54217,574,cottage-pie-185
134313,297,cottage-pie-531
288458,256,bubble-and-squeak-963
125506,673,cottage-pie-678
97865,863,fish-and-chips-576
139659,820,cottage-pie-63
247148,111,steak-and-ale-pie-61
212270,826,poitin-956
24246,289,ploughman's-lunch-855
140197,495,steak-and-ale-pie-697
15039,712,poitin-495
292708,321,poitin-567
289730,790,ploughman's-lunch-581
43035,778,poitin-208
54587,147,steak-and-ale-pie-793
246130,981,bubble-and-squeak-413
153445,80,fish-and-chips-530
130819,233,ploughman's-lunch-365
173746,427,bubble-and-squeak-777
258705,656,steak-and-ale-pie-599
31162,20,fish-and-chips-515
8004,890,bubble-and-squeak-136
293683,324,cottage-pie-690
155898,463,steak-and-ale-pie-131
66846,507,bubble-and-squeak-799
76271,859,bubble-and-squeak-743
49595,888,ploughman's-lunch-410
235408,914,steak-and-ale-pie-628
247074,509,poitin-113
175242,516,bubble-and-squeak-318
295911,35,cottage-pie-677
180237,846,ploughman's-lunch-683
142777,474,ploughman's-lunch-67
265688,548,bubble-and-squeak-583
176137,53,poitin-604
176845,534,ploughman's-lunch-204
126942,863,fish-and-chips-161
113998,915,ploughman's-lunch-315
24460,166,bubble-and-squeak-976
49793,526,poitin-52
244355,378,steak-and-ale-pie-520
203058,160,bubble-and-squeak-623
90521,742,cottage-pie-693
79506,75,bubble-and-squeak-849
31793,878,steak-and-ale-pie-462
40170,303,fish-and-chips-385
66088,638,poitin-479
47807,867,fish-and-chips-398
90042,158,steak-and-ale-pie-604
184449,106,cottage-pie-50
279704,588,ploughman's-lunch-641
245998,780,bubble-and-squeak-523
215240,796,bubble-and-squeak-201
25539,942,ploughman's-lunch-955
271839,48,bubble-and-squeak-941
4540,941,bubble-and-squeak-736
25989,911,ploughman's-lunch-418
55625,146,cottage-pie-40
89706,827,cottage-pie-306
235088,314,ploughman's-lunch-540
291683,408,poitin-426
183395,902,steak-and-ale-pie-785
190973,650,poitin-684
162953,913,cottage-pie-855
293217,895,poitin-512
34001,577,steak-and-ale-pie-773
140875,154,poitin-619
269523,178,poitin-291
154596,336,steak-and-ale-pie-768
118992,789,steak-and-ale-pie-391
26321,794,poitin-942
239133,343,poitin-927
120507,526,ploughman's-lunch-746
236876,673,ploughman's-lunch-519
143443,6,ploughman's-lunch-111
273736,563,poitin-800
174079,689,bubble-and-squeak-57
73034,181,steak-and-ale-pie-293
221283,209,fish-and-chips-375
89552,117,ploughman's-lunch-902
211736,949,fish-and-chips-198
142411,30,cottage-pie-19
293857,829,steak-and-ale-pie-476
217656,938,cottage-pie-561
32992,92,steak-and-ale-pie-996
118408,689,fish-and-chips-290
159067,896,poitin-88
65321,613,steak-and-ale-pie-694
47423,415,cottage-pie-187
179733,545,ploughman's-lunch-988
105266,607,bubble-and-squeak-82
236402,954,poitin-383
112136,68,steak-and-ale-pie-727
212896,631,cottage-pie-597
66353,426,ploughman's-lunch-87
185340,327,ploughman's-lunch-546
163618,355,steak-and-ale-pie-455
115196,427,steak-and-ale-pie-429
172519,583,steak-and-ale-pie-485
111997,963,fish-and-chips-477
79154,491,poitin-245
170658,709,cottage-pie-726
125202,178,steak-and-ale-pie-480
292591,985,cottage-pie-524
165122,891,poitin-478
203616,516,fish-and-chips-273
66104,314,cottage-pie-196
172735,24,fish-and-chips-843
278143,507,steak-and-ale-pie-172
139226,320,ploughman's-lunch-343
38839,326,bubble-and-squeak-528
118795,560,ploughman's-lunch-69
13753,35,fish-and-chips-689
30317,245,steak-and-ale-pie-581
53810,717,poitin-887
25770,224,fish-and-chips-350
46672,962,cottage-pie-577
170543,441,poitin-382
280658,90,steak-and-ale-pie-774
269728,660,cottage-pie-894
214496,523,poitin-4
143777,107,bubble-and-squeak-863
210158,640,fish-and-chips-648
31289,145,cottage-pie-356
184744,84,fish-and-chips-455
294148,975,fish-and-chips-596
52876,992,cottage-pie-722
142572,974,ploughman's-lunch-135
284951,996,steak-and-ale-pie-217
255419,370,steak-and-ale-pie-962
124020,514,cottage-pie-467
288824,583,ploughman's-lunch-815
236699,701,poitin-147
200748,729,poitin-196
90874,136,bubble-and-squeak-819
287664,322,fish-and-chips-910
150946,422,poitin-774
168766,759,steak-and-ale-pie-368
235437,263,cottage-pie-247
265670,283,steak-and-ale-pie-313
61641,168,bubble-and-squeak-41
245560,594,fish-and-chips-650
146400,244,cottage-pie-387
143345,186,steak-and-ale-pie-593
193073,12,steak-and-ale-pie-694
159282,807,fish-and-chips-430
263412,371,ploughman's-lunch-225
288020,973,ploughman's-lunch-604
269137,916,cottage-pie-145
121764,887,poitin-97
236019,145,cottage-pie-952
160064,918,bubble-and-squeak-534
24624,283,ploughman's-lunch-614
48099,980,fish-and-chips-56
127858,967,bubble-and-squeak-96
168511,667,fish-and-chips-298
282556,436,poitin-935
136206,377,steak-and-ale-pie-119
24104,487,ploughman's-lunch-323
208253,788,cottage-pie-525
12679,464,ploughman's-lunch-246
153433,753,fish-and-chips-662
236294,386,steak-and-ale-pie-342
160171,671,bubble-and-squeak-321
39384,980,ploughman's-lunch-572
99881,945,poitin-876
135760,784,steak-and-ale-pie-235
93393,514,bubble-and-squeak-163
232748,811,ploughman's-lunch-446
220336,680,poitin-112
241332,609,fish-and-chips-501
98247,1,ploughman's-lunch-584
114406,999,fish-and-chips-254
210237,73,steak-and-ale-pie-817
123308,725,bubble-and-squeak-814
21792,618,fish-and-chips-202
114833,147,bubble-and-squeak-212
78781,206,cottage-pie-465
42232,262,fish-and-chips-889
102239,165,ploughman's-lunch-163
243561,8,poitin-221
131997,202,cottage-pie-491
153439,855,steak-and-ale-pie-439
85073,405,ploughman's-lunch-629
241148,663,steak-and-ale-pie-911
298586,223,bubble-and-squeak-975
290126,513,cottage-pie-260
293542,972,fish-and-chips-618
299394,427,fish-and-chips-169
71903,354,poitin-772
292043,289,poitin-626
39600,597,cottage-pie-764
159972,291,cottage-pie-408
27670,312,steak-and-ale-pie-430
47978,223,cottage-pie-796
258510,108,poitin-615
1354,742,poitin-675
275867,202,poitin-997
76679,340,bubble-and-squeak-847
87506,28,steak-and-ale-pie-442
152454,412,ploughman's-lunch-244
81789,104,cottage-pie-356
270072,197,poitin-804
236376,288,bubble-and-squeak-301
180796,29,ploughman's-lunch-93
55167,130,fish-and-chips-541
9016,294,cottage-pie-344
155781,871,cottage-pie-200
101298,138,cottage-pie-146
119067,224,steak-and-ale-pie-906
294209,674,ploughman's-lunch-31
230997,958,poitin-212
227904,987,fish-and-chips-184
72732,952,poitin-481
63020,457,poitin-909
91991,264,bubble-and-squeak-597
123469,313,steak-and-ale-pie-337
226826,809,bubble-and-squeak-709
214898,676,ploughman's-lunch-249
54220,216,fish-and-chips-884
67925,443,bubble-and-squeak-286
143354,684,cottage-pie-169
141048,4,fish-and-chips-916
163484,169,bubble-and-squeak-481
28291,953,ploughman's-lunch-372
251286,908,poitin-804
128322,414,cottage-pie-495
139871,723,ploughman's-lunch-603
246950,391,ploughman's-lunch-618
70922,203,cottage-pie-889
165617,437,ploughman's-lunch-354
160693,215,steak-and-ale-pie-796
8543,186,bubble-and-squeak-897
215473,321,bubble-and-squeak-655
90809,840,bubble-and-squeak-879
34260,618,poitin-939
113653,793,ploughman's-lunch-499
84835,818,bubble-and-squeak-563
253567,285,bubble-and-squeak-881
217839,260,steak-and-ale-pie-315
232251,661,fish-and-chips-248
173131,530,cottage-pie-281
39820,760,steak-and-ale-pie-968
293017,886,cottage-pie-829
251731,284,poitin-263
118931,768,fish-and-chips-11
63146,871,bubble-and-squeak-106
58626,54,ploughman's-lunch-215
134494,546,ploughman's-lunch-819
220358,53,cottage-pie-617
287562,517,steak-and-ale-pie-719
87452,562,ploughman's-lunch-874
291153,193,cottage-pie-293
79228,797,steak-and-ale-pie-676
176290,649,bubble-and-squeak-530
138003,629,ploughman's-lunch-46
84282,822,cottage-pie-894
218290,31,bubble-and-squeak-61
99279,278,cottage-pie-25
120418,277,fish-and-chips-479
261407,762,bubble-and-squeak-24
274416,819,ploughman's-lunch-75
49001,221,steak-and-ale-pie-819
177268,580,ploughman's-lunch-157
219378,518,ploughman's-lunch-161
176473,710,steak-and-ale-pie-597
258004,587,fish-and-chips-892
191022,54,fish-and-chips-815
74005,755,poitin-981
138633,846,bubble-and-squeak-602
261947,479,poitin-837
258119,805,poitin-397
171968,676,ploughman's-lunch-478
209941,453,cottage-pie-232
264129,156,cottage-pie-702
263966,741,steak-and-ale-pie-323
183018,38,steak-and-ale-pie-75
31496,199,bubble-and-squeak-470
13745,412,poitin-54
175234,343,ploughman's-lunch-552
144256,187,fish-and-chips-322
8970,369,cottage-pie-863
278339,838,steak-and-ale-pie-691
89202,250,cottage-pie-245
24102,467,cottage-pie-618
270895,210,poitin-242
251672,376,cottage-pie-600
292102,720,poitin-821
131974,917,bubble-and-squeak-611
242238,709,ploughman's-lunch-267
17271,822,bubble-and-squeak-395
10782,917,steak-and-ale-pie-690
285936,955,cottage-pie-933
43509,111,steak-and-ale-pie-980
39707,38,bubble-and-squeak-726
70438,874,ploughman's-lunch-65
137772,858,fish-and-chips-235
245209,110,poitin-166
151875,762,bubble-and-squeak-437
26417,542,steak-and-ale-pie-399
150133,481,ploughman's-lunch-299
168362,379,bubble-and-squeak-424
63364,371,fish-and-chips-471
183671,699,steak-and-ale-pie-743
35551,367,cottage-pie-123
242478,915,cottage-pie-528
12450,468,ploughman's-lunch-409
233136,560,ploughman's-lunch-295
190336,894,steak-and-ale-pie-4
225762,978,ploughman's-lunch-615
232847,589,cottage-pie-795
104350,230,ploughman's-lunch-662
8973,462,fish-and-chips-797
41569,419,bubble-and-squeak-42
166835,244,fish-and-chips-337
248049,858,steak-and-ale-pie-955
227707,932,steak-and-ale-pie-429
214604,490,cottage-pie-795
191610,813,steak-and-ale-pie-850
271198,626,fish-and-chips-77
199461,4,steak-and-ale-pie-932
153204,444,ploughman's-lunch-159
163477,562,steak-and-ale-pie-635
19910,560,fish-and-chips-740
17845,312,cottage-pie-676
40634,151,cottage-pie-728
172394,274,fish-and-chips-861
154591,200,bubble-and-squeak-556
167932,668,steak-and-ale-pie-135
153519,148,cottage-pie-203
240121,352,cottage-pie-108
49334,430,cottage-pie-667
109194,970,steak-and-ale-pie-552
149395,177,fish-and-chips-47
143671,507,bubble-and-squeak-974
294445,158,poitin-125
43057,617,poitin-752
90249,340,ploughman's-lunch-260
288641,661,steak-and-ale-pie-78
144960,921,cottage-pie-663
11575,35,steak-and-ale-pie-346
271395,342,fish-and-chips-868
85939,964,cottage-pie-617
175698,766,poitin-25
29270,839,steak-and-ale-pie-330
105571,678,cottage-pie-507
9839,824,poitin-349
197394,527,fish-and-chips-872
21047,70,ploughman's-lunch-899
247968,655,bubble-and-squeak-77
274375,467,ploughman's-lunch-376
253192,302,poitin-579
298270,482,ploughman's-lunch-201
212479,733,fish-and-chips-700
205937,931,ploughman's-lunch-489
73668,751,bubble-and-squeak-164
1079,206,steak-and-ale-pie-451
56156,865,ploughman's-lunch-47
254132,409,steak-and-ale-pie-451
275098,514,cottage-pie-582
21264,998,cottage-pie-707
6029,98,steak-and-ale-pie-450
222244,8,cottage-pie-896
275450,808,steak-and-ale-pie-561
180902,949,ploughman's-lunch-237
98657,463,cottage-pie-783
175816,233,bubble-and-squeak-980
132000,161,ploughman's-lunch-633
216718,849,fish-and-chips-996
281797,122,steak-and-ale-pie-718
220478,965,fish-and-chips-311
141616,200,steak-and-ale-pie-160
58001,699,fish-and-chips-448
207103,514,bubble-and-squeak-778
153056,158,cottage-pie-204
295381,131,fish-and-chips-502
59026,61,bubble-and-squeak-578
3065,774,ploughman's-lunch-773
283728,96,ploughman's-lunch-564
237699,61,poitin-442
28589,935,cottage-pie-989
136007,72,fish-and-chips-531
41398,309,bubble-and-squeak-967
282004,361,bubble-and-squeak-823
289217,895,bubble-and-squeak-781
236644,138,steak-and-ale-pie-950
210991,142,ploughman's-lunch-297
202885,17,bubble-and-squeak-322
140710,612,bubble-and-squeak-219
31350,976,steak-and-ale-pie-858
50301,718,cottage-pie-764
131842,614,ploughman's-lunch-120
131117,356,ploughman's-lunch-57
231157,290,poitin-781
205826,587,steak-and-ale-pie-758
114988,212,steak-and-ale-pie-609
31549,908,fish-and-chips-567
287695,797,poitin-254
115914,349,ploughman's-lunch-187
15562,460,poitin-273
193991,64,cottage-pie-127
231827,272,poitin-41
252734,492,cottage-pie-513
290282,199,poitin-626
123430,701,ploughman's-lunch-872
258183,92,steak-and-ale-pie-892
183434,378,fish-and-chips-432
233957,652,poitin-271
6120,950,fish-and-chips-422
32244,267,fish-and-chips-235
230034,108,bubble-and-squeak-889
221500,653,bubble-and-squeak-458
51668,56,cottage-pie-395
279107,835,fish-and-chips-411
263820,86,poitin-443
218534,830,poitin-191
137639,424,ploughman's-lunch-147
154697,926,fish-and-chips-310
278760,788,poitin-328
84493,701,steak-and-ale-pie-561
50988,883,poitin-46
250664,722,cottage-pie-383
241546,683,bubble-and-squeak-7
219288,260,ploughman's-lunch-598
72666,895,cottage-pie-422
122079,557,poitin-400
298730,384,ploughman's-lunch-333
123559,360,fish-and-chips-910
285128,654,ploughman's-lunch-605
198215,600,fish-and-chips-70
21979,425,cottage-pie-662
254531,26,bubble-and-squeak-889
292348,341,bubble-and-squeak-881
121084,407,bubble-and-squeak-62
25420,581,poitin-350
149358,847,poitin-897
110465,991,cottage-pie-262
147403,254,cottage-pie-155
245935,638,steak-and-ale-pie-994
187575,701,cottage-pie-137
64310,628,poitin-221
215836,848,steak-and-ale-pie-364
199640,838,bubble-and-squeak-993
25757,816,poitin-39
244001,538,ploughman's-lunch-184
91501,906,bubble-and-squeak-793
156669,565,steak-and-ale-pie-791
10843,982,steak-and-ale-pie-982
14504,248,cottage-pie-522
190364,491,bubble-and-squeak-11
164348,96,bubble-and-squeak-655
156965,763,poitin-195
242355,559,poitin-863
252452,8,cottage-pie-619
52472,875,poitin-151
276051,859,poitin-347
89306,904,steak-and-ale-pie-695
143665,298,poitin-959
111687,794,fish-and-chips-456
234316,933,steak-and-ale-pie-37
268993,898,steak-and-ale-pie-542
264031,56,fish-and-chips-796
45619,353,poitin-235
38915,596,fish-and-chips-205
205557,313,poitin-983
275768,469,poitin-740
136830,297,ploughman's-lunch-583
123421,562,ploughman's-lunch-927
214968,215,fish-and-chips-345
187833,471,bubble-and-squeak-984
123683,69,cottage-pie-90
12212,557,bubble-and-squeak-357
224843,309,poitin-958
242064,790,ploughman's-lunch-524
54976,438,poitin-369
106051,729,steak-and-ale-pie-814
231483,573,bubble-and-squeak-560
5160,396,ploughman's-lunch-118
50113,641,steak-and-ale-pie-244
188914,508,bubble-and-squeak-456
52447,802,bubble-and-squeak-884
126894,666,fish-and-chips-236
38059,550,cottage-pie-318
88054,903,ploughman's-lunch-952
11081,73,poitin-855
203241,308,steak-and-ale-pie-911
17569,45,cottage-pie-629
5014,29,fish-and-chips-339
261090,558,ploughman's-lunch-367
289608,939,ploughman's-lunch-26
23023,235,ploughman's-lunch-436
114441,760,bubble-and-squeak-716
270442,286,fish-and-chips-701
86405,258,ploughman's-lunch-853
80835,188,poitin-302
164252,579,steak-and-ale-pie-808
190083,326,fish-and-chips-795
45596,998,steak-and-ale-pie-684
116582,743,bubble-and-squeak-588
111894,990,steak-and-ale-pie-604
191543,629,steak-and-ale-pie-510
270402,241,cottage-pie-336
217253,602,bubble-and-squeak-808
212477,403,poitin-642
128013,616,poitin-66
173964,640,poitin-581
264121,394,steak-and-ale-pie-621
253370,373,ploughman's-lunch-939
210129,436,steak-and-ale-pie-165
288492,310,bubble-and-squeak-996
135866,677,steak-and-ale-pie-466
50114,857,bubble-and-squeak-483
245212,178,steak-and-ale-pie-481
48518,78,steak-and-ale-pie-383
155146,717,bubble-and-squeak-191
102925,905,ploughman's-lunch-665
136182,389,cottage-pie-466
291545,541,ploughman's-lunch-710
280082,338,cottage-pie-471
104386,559,poitin-96
11503,89,fish-and-chips-862
31098,349,poitin-428
250030,958,cottage-pie-648
156447,106,steak-and-ale-pie-513
191414,487,ploughman's-lunch-824
45190,417,bubble-and-squeak-541
290128,429,steak-and-ale-pie-530
271436,809,ploughman's-lunch-88
137812,268,ploughman's-lunch-259
23267,880,cottage-pie-688
1147,263,bubble-and-squeak-749
157294,120,fish-and-chips-418
205597,805,poitin-536
103675,454,steak-and-ale-pie-743
39658,15,ploughman's-lunch-770
35286,275,fish-and-chips-609
236289,335,ploughman's-lunch-115
42181,859,steak-and-ale-pie-321
175173,453,fish-and-chips-749
6159,487,bubble-and-squeak-390
80482,47,poitin-334
140387,435,ploughman's-lunch-708
173807,284,cottage-pie-738
21234,540,fish-and-chips-881
137406,875,cottage-pie-986
254169,413,cottage-pie-561
137166,809,ploughman's-lunch-208
82774,427,bubble-and-squeak-784
233569,42,steak-and-ale-pie-826
157725,647,steak-and-ale-pie-469
135463,738,cottage-pie-857
204575,380,bubble-and-squeak-866
122022,159,steak-and-ale-pie-513
17259,373,poitin-183
14669,22,cottage-pie-349
63766,19,ploughman's-lunch-545
1262,789,ploughman's-lunch-71
218130,64,fish-and-chips-463
175400,995,steak-and-ale-pie-94
171986,710,fish-and-chips-746
130697,450,fish-and-chips-779
111262,899,bubble-and-squeak-958
290871,453,fish-and-chips-208
111412,205,steak-and-ale-pie-57
43834,419,steak-and-ale-pie-746
176276,469,cottage-pie-200
51207,735,cottage-pie-716
49764,381,fish-and-chips-85
177182,191,steak-and-ale-pie-998
222556,978,fish-and-chips-802
267730,214,ploughman's-lunch-66
56050,531,fish-and-chips-807
280291,437,steak-and-ale-pie-705
121175,686,fish-and-chips-79
125813,875,steak-and-ale-pie-362
235319,932,poitin-419
236117,36,fish-and-chips-142
134281,81,cottage-pie-119
282242,831,steak-and-ale-pie-929
88892,380,poitin-273
244749,190,ploughman's-lunch-65
226664,452,bubble-and-squeak-138
212822,405,poitin-97
213606,45,steak-and-ale-pie-33
244391,805,poitin-549
228203,990,fish-and-chips-556
142608,935,bubble-and-squeak-680
249168,617,poitin-969
216868,677,poitin-864
121457,392,cottage-pie-715
197607,937,poitin-351
154245,101,cottage-pie-715
128586,835,fish-and-chips-822
202534,870,steak-and-ale-pie-943
158588,203,fish-and-chips-726
222539,115,steak-and-ale-pie-894
62294,960,steak-and-ale-pie-802
5688,577,bubble-and-squeak-870
159903,858,fish-and-chips-868
107101,22,steak-and-ale-pie-675
187947,244,cottage-pie-154
82523,431,cottage-pie-48
227829,428,fish-and-chips-372
100810,296,steak-and-ale-pie-85
223744,537,fish-and-chips-148
140680,391,fish-and-chips-841
221230,149,cottage-pie-59
155347,715,bubble-and-squeak-820
38276,461,cottage-pie-939
270199,384,bubble-and-squeak-613
175521,230,poitin-104
20685,794,cottage-pie-280
151689,959,cottage-pie-201
179590,307,fish-and-chips-196
97715,283,cottage-pie-636
33695,773,fish-and-chips-817
14133,769,ploughman's-lunch-37
72126,824,cottage-pie-404
49227,9,ploughman's-lunch-988
296629,50,poitin-784
236347,431,cottage-pie-757
265918,927,steak-and-ale-pie-391
159929,988,cottage-pie-34
109630,398,ploughman's-lunch-238
84234,149,steak-and-ale-pie-211
278414,683,bubble-and-squeak-47
101526,929,poitin-316
234066,856,steak-and-ale-pie-194
67221,327,ploughman's-lunch-176
147910,182,ploughman's-lunch-513
222134,966,ploughman's-lunch-160
21944,718,fish-and-chips-765
8521,630,ploughman's-lunch-489
292097,527,poitin-89
268906,135,cottage-pie-691
225483,592,bubble-and-squeak-578
296038,279,ploughman's-lunch-628
217467,761,bubble-and-squeak-840
259264,515,steak-and-ale-pie-614
219272,422,ploughman's-lunch-280
9512,213,fish-and-chips-492
122595,396,fish-and-chips-957
111489,985,cottage-pie-782
22448,322,fish-and-chips-647
22567,114,poitin-280
171104,36,bubble-and-squeak-677
133947,941,bubble-and-squeak-656
109215,74,poitin-952
190566,820,ploughman's-lunch-384
48546,795,poitin-495
178554,35,fish-and-chips-720
31826,785,ploughman's-lunch-359
185605,53,steak-and-ale-pie-151
41254,450,cottage-pie-28
288243,439,cottage-pie-564
79032,320,bubble-and-squeak-108
259562,362,ploughman's-lunch-782
53320,673,steak-and-ale-pie-795
2618,154,fish-and-chips-503
13264,388,cottage-pie-256
62235,242,cottage-pie-962
239041,485,cottage-pie-934
139171,376,steak-and-ale-pie-690
92530,358,ploughman's-lunch-974
134797,664,poitin-572
57444,393,fish-and-chips-553
10309,398,fish-and-chips-503
86173,578,bubble-and-squeak-918
270085,967,poitin-868
241040,458,fish-and-chips-242
270323,286,ploughman's-lunch-631
201792,759,cottage-pie-284
153668,230,ploughman's-lunch-445
177850,520,cottage-pie-929
193943,712,ploughman's-lunch-284
281043,190,bubble-and-squeak-608
244077,582,bubble-and-squeak-751
104662,743,cottage-pie-519
286178,351,poitin-547
109783,180,cottage-pie-870
278672,461,bubble-and-squeak-605
48192,348,cottage-pie-446
196430,699,steak-and-ale-pie-510
149243,886,ploughman's-lunch-806
243473,930,poitin-830
213863,533,steak-and-ale-pie-590
199761,684,cottage-pie-616
182515,256,fish-and-chips-349
9480,319,poitin-378
114584,914,cottage-pie-151
1070,461,steak-and-ale-pie-92
117462,727,bubble-and-squeak-363
292517,566,bubble-and-squeak-851
39013,617,ploughman's-lunch-85
275647,366,poitin-521
104673,348,bubble-and-squeak-540
125285,223,bubble-and-squeak-158
47506,838,bubble-and-squeak-648
190515,100,fish-and-chips-923
241943,352,bubble-and-squeak-651
35447,689,ploughman's-lunch-355
264777,786,ploughman's-lunch-416
49677,826,cottage-pie-264
104924,116,ploughman's-lunch-859
137783,98,fish-and-chips-252
101242,679,ploughman's-lunch-701
253144,340,bubble-and-squeak-765
115285,797,bubble-and-squeak-809
78842,912,steak-and-ale-pie-77
55864,618,bubble-and-squeak-250
22310,997,ploughman's-lunch-602
282682,51,poitin-576
87823,627,steak-and-ale-pie-649
225726,569,poitin-498
264558,233,cottage-pie-941
291817,675,fish-and-chips-421
150653,94,cottage-pie-616
232656,378,bubble-and-squeak-128
192766,993,bubble-and-squeak-574
83546,940,cottage-pie-865
109080,396,steak-and-ale-pie-622
98372,275,steak-and-ale-pie-627
57999,743,poitin-86
78603,120,ploughman's-lunch-589
87330,971,steak-and-ale-pie-776
83061,558,cottage-pie-640
193802,480,bubble-and-squeak-95
281543,367,steak-and-ale-pie-728
243195,563,steak-and-ale-pie-380
57842,951,fish-and-chips-837
53322,672,steak-and-ale-pie-34
263093,447,ploughman's-lunch-58
28454,880,cottage-pie-659
231008,157,cottage-pie-688
231341,897,cottage-pie-349
12805,113,poitin-782
137904,114,fish-and-chips-288
136025,568,cottage-pie-825
254904,662,bubble-and-squeak-954
125675,864,fish-and-chips-436
238438,315,poitin-102
276169,955,cottage-pie-973
171653,419,steak-and-ale-pie-465
54755,407,cottage-pie-543
286028,128,ploughman's-lunch-340
65419,835,fish-and-chips-712
223878,737,poitin-593
290549,291,poitin-429
56960,59,fish-and-chips-204
34628,970,poitin-832
177503,130,poitin-684
19790,535,cottage-pie-893
266213,103,ploughman's-lunch-387
227422,839,ploughman's-lunch-189
65237,359,bubble-and-squeak-881
258880,812,cottage-pie-529
229284,201,poitin-753
5943,182,ploughman's-lunch-221
9611,475,steak-and-ale-pie-207
264706,783,bubble-and-squeak-781
126764,58,ploughman's-lunch-112
221627,286,ploughman's-lunch-219
221996,839,bubble-and-squeak-702
51936,36,fish-and-chips-696
175173,593,fish-and-chips-457
286156,45,bubble-and-squeak-961
255155,382,ploughman's-lunch-345
16576,869,steak-and-ale-pie-620
169767,499,ploughman's-lunch-363
90366,272,fish-and-chips-281
83975,229,poitin-157
245469,180,poitin-538
157846,657,poitin-915
74655,322,poitin-23
55439,395,bubble-and-squeak-848
186630,225,ploughman's-lunch-230
148637,813,fish-and-chips-486
48785,551,bubble-and-squeak-517
122077,997,fish-and-chips-815
292069,267,poitin-647
153521,516,fish-and-chips-766
151488,799,steak-and-ale-pie-747
68059,796,poitin-526
199724,810,fish-and-chips-966
111672,63,steak-and-ale-pie-286
7918,758,ploughman's-lunch-870
294167,542,bubble-and-squeak-621
149807,414,poitin-354
285668,839,bubble-and-squeak-352
180759,990,bubble-and-squeak-504
200359,141,steak-and-ale-pie-717
151851,259,bubble-and-squeak-454
94588,285,steak-and-ale-pie-600
79793,961,cottage-pie-883
230666,256,steak-and-ale-pie-741
131800,711,bubble-and-squeak-865
221984,8,steak-and-ale-pie-271
271211,5,bubble-and-squeak-855
25737,491,bubble-and-squeak-637
30113,147,steak-and-ale-pie-269
174725,313,poitin-436
219728,950,bubble-and-squeak-249
61081,943,ploughman's-lunch-135
28272,245,steak-and-ale-pie-144
54528,70,bubble-and-squeak-810
21964,698,bubble-and-squeak-642
108907,560,cottage-pie-634
50942,475,cottage-pie-86
72795,316,ploughman's-lunch-890
159129,409,bubble-and-squeak-680
22836,145,steak-and-ale-pie-742
122281,258,ploughman's-lunch-342
173894,818,steak-and-ale-pie-627
146004,934,steak-and-ale-pie-741
248948,193,steak-and-ale-pie-381
166748,366,steak-and-ale-pie-597
288657,661,fish-and-chips-126
223522,914,ploughman's-lunch-608
37382,129,bubble-and-squeak-831
189384,691,poitin-451
269062,192,poitin-243
188671,5,ploughman's-lunch-55
264797,921,poitin-592
26430,315,poitin-580
30563,399,poitin-665
50708,829,cottage-pie-324
286951,413,steak-and-ale-pie-68
284342,256,fish-and-chips-547
166975,657,cottage-pie-897
23342,913,ploughman's-lunch-856
150446,100,ploughman's-lunch-891
64120,116,ploughman's-lunch-790
25193,231,ploughman's-lunch-50
259681,500,poitin-527
56415,79,fish-and-chips-571
274243,448,cottage-pie-821
7658,950,cottage-pie-776
4092,5,poitin-401
204199,882,fish-and-chips-912
64162,508,fish-and-chips-883
218615,917,poitin-12
196364,386,steak-and-ale-pie-630
242703,241,steak-and-ale-pie-411
209068,744,cottage-pie-639
6456,190,ploughman's-lunch-266
252721,360,ploughman's-lunch-541
138198,11,poitin-772
284440,526,fish-and-chips-620
210680,793,ploughman's-lunch-593
183549,26,fish-and-chips-558
227517,173,poitin-621
34943,59,cottage-pie-990
255023,741,poitin-400
87739,943,cottage-pie-263
127769,818,bubble-and-squeak-308
267053,311,fish-and-chips-375
266625,158,cottage-pie-363
203548,5,steak-and-ale-pie-434
14075,863,fish-and-chips-172
26418,106,poitin-372
85537,944,ploughman's-lunch-221
250416,272,fish-and-chips-373
32310,624,fish-and-chips-634
10832,917,bubble-and-squeak-640
145697,963,steak-and-ale-pie-122
32363,153,cottage-pie-866
228355,448,cottage-pie-784
108355,304,steak-and-ale-pie-216
147992,838,bubble-and-squeak-599
171282,347,steak-and-ale-pie-625
60417,361,poitin-436
37558,384,fish-and-chips-844
289250,910,poitin-304
193495,703,ploughman's-lunch-216
24708,845,fish-and-chips-639
236490,753,bubble-and-squeak-57
268122,333,poitin-905
104512,4,poitin-692
185703,786,poitin-453
201133,290,steak-and-ale-pie-884
226923,201,fish-and-chips-360
198148,251,bubble-and-squeak-591
194262,169,steak-and-ale-pie-869
180508,382,bubble-and-squeak-173
136304,168,ploughman's-lunch-759
219520,463,cottage-pie-304
262989,902,poitin-644
208634,48,bubble-and-squeak-450
139512,157,poitin-413
33628,33,steak-and-ale-pie-182
75909,964,bubble-and-squeak-897
135979,661,fish-and-chips-15
102476,114,poitin-933
212223,470,ploughman's-lunch-590
201018,915,fish-and-chips-622
194225,102,steak-and-ale-pie-472
38819,764,fish-and-chips-299
234437,564,cottage-pie-520
294872,202,cottage-pie-985
282873,586,bubble-and-squeak-387
145851,995,cottage-pie-134
201274,97,ploughman's-lunch-272
202368,294,cottage-pie-868
4585,890,steak-and-ale-pie-763
233004,998,ploughman's-lunch-311
114357,921,ploughman's-lunch-450
85581,591,bubble-and-squeak-88
65206,66,ploughman's-lunch-428
140015,135,fish-and-chips-917
293496,862,poitin-789
196171,706,poitin-665
231109,645,ploughman's-lunch-837
163022,821,ploughman's-lunch-734
122589,325,ploughman's-lunch-412
87351,700,fish-and-chips-679
203403,331,cottage-pie-748
95702,16,bubble-and-squeak-20
157209,895,poitin-52
230714,136,cottage-pie-963
85771,558,fish-and-chips-648
283850,463,bubble-and-squeak-164
46770,443,poitin-106
282757,567,bubble-and-squeak-599
144908,512,cottage-pie-417
190443,223,fish-and-chips-681
129814,270,poitin-969
159294,889,fish-and-chips-401
293076,745,cottage-pie-891
129908,476,cottage-pie-972
297006,31,ploughman's-lunch-775
1585,807,bubble-and-squeak-513
69389,381,ploughman's-lunch-60
224760,135,cottage-pie-590
77479,297,steak-and-ale-pie-983
299270,541,steak-and-ale-pie-358
180237,71,steak-and-ale-pie-140
18574,339,fish-and-chips-634
277037,490,fish-and-chips-482
10788,121,steak-and-ale-pie-254
115220,945,poitin-490
131314,167,fish-and-chips-906
86732,884,ploughman's-lunch-786
290584,526,fish-and-chips-627
190816,878,steak-and-ale-pie-988
215054,651,fish-and-chips-823
186407,315,steak-and-ale-pie-717
166463,680,fish-and-chips-858
30560,122,cottage-pie-932
146548,437,cottage-pie-225
10978,743,poitin-542
258512,988,ploughman's-lunch-449
19971,669,ploughman's-lunch-441
201941,530,cottage-pie-920
181907,565,fish-and-chips-844
172471,895,ploughman's-lunch-209
238607,74,cottage-pie-219
234963,299,poitin-802
67531,802,ploughman's-lunch-677
112723,45,ploughman's-lunch-661
185943,575,poitin-829
151764,503,bubble-and-squeak-754
22868,303,steak-and-ale-pie-250
184960,556,bubble-and-squeak-458
280152,239,ploughman's-lunch-489
73644,170,poitin-714
208564,719,fish-and-chips-621
83836,553,fish-and-chips-572
208450,389,steak-and-ale-pie-734
38536,20,cottage-pie-714
18027,461,cottage-pie-428
116824,882,fish-and-chips-161
92579,159,bubble-and-squeak-292
76776,836,poitin-70
291970,590,cottage-pie-22
93275,587,poitin-452
213578,440,cottage-pie-492
292345,931,bubble-and-squeak-100
268422,999,fish-and-chips-835
218105,315,cottage-pie-593
85320,516,poitin-703
230669,636,steak-and-ale-pie-50
231588,442,ploughman's-lunch-901
17369,555,steak-and-ale-pie-294
166835,110,steak-and-ale-pie-502
236269,321,fish-and-chips-700
137501,999,cottage-pie-767
266974,749,bubble-and-squeak-204
127401,808,bubble-and-squeak-865
48795,92,fish-and-chips-219
236779,112,ploughman's-lunch-973
182377,517,fish-and-chips-238
24371,687,steak-and-ale-pie-548
235968,520,fish-and-chips-347
134583,752,ploughman's-lunch-957
148762,434,ploughman's-lunch-377
10431,47,bubble-and-squeak-895
114513,319,fish-and-chips-925
26848,925,cottage-pie-384
95708,650,ploughman's-lunch-248
230163,667,fish-and-chips-160
95038,553,bubble-and-squeak-817
42567,158,fish-and-chips-199
111947,852,fish-and-chips-741
172207,243,bubble-and-squeak-509
181123,892,poitin-313
135433,233,fish-and-chips-70
23384,589,cottage-pie-509
273539,96,cottage-pie-726
232810,542,ploughman's-lunch-757
224129,90,fish-and-chips-239
44296,753,poitin-570
212568,877,bubble-and-squeak-189
189271,939,ploughman's-lunch-649
266657,91,cottage-pie-273
15039,672,steak-and-ale-pie-49
32826,827,steak-and-ale-pie-645
145157,663,cottage-pie-393
218641,439,bubble-and-squeak-962
270219,621,poitin-529
21908,51,fish-and-chips-860
264535,116,fish-and-chips-373
89870,867,ploughman's-lunch-170
57316,403,fish-and-chips-28
146927,300,fish-and-chips-901
172557,140,ploughman's-lunch-688
167708,870,bubble-and-squeak-415
47705,229,steak-and-ale-pie-188
36660,195,ploughman's-lunch-352
215284,571,poitin-794
298497,685,ploughman's-lunch-262
101529,385,fish-and-chips-124
155925,804,fish-and-chips-390
258558,803,bubble-and-squeak-190
129887,758,poitin-863
35406,914,steak-and-ale-pie-315
282287,960,poitin-97
64920,564,cottage-pie-781
218370,126,fish-and-chips-634
249243,778,cottage-pie-521
173312,696,bubble-and-squeak-597
2698,197,ploughman's-lunch-64
272508,323,cottage-pie-440
282566,946,ploughman's-lunch-858
41065,536,poitin-193
224075,180,steak-and-ale-pie-138
130721,80,bubble-and-squeak-233
195590,968,cottage-pie-651
196555,462,cottage-pie-956
90540,691,steak-and-ale-pie-593
283483,545,poitin-526
165310,592,steak-and-ale-pie-538
292962,822,poitin-238
15739,899,poitin-129
134948,213,cottage-pie-357
183930,915,ploughman's-lunch-518
121946,206,steak-and-ale-pie-291
270252,278,bubble-and-squeak-861
199216,253,fish-and-chips-13
205991,401,ploughman's-lunch-509
111600,54,poitin-901
282905,441,bubble-and-squeak-727
18957,991,poitin-689
92231,556,ploughman's-lunch-366
218739,847,fish-and-chips-933
262673,12,poitin-287
205511,788,steak-and-ale-pie-617
175149,248,cottage-pie-555
45665,231,steak-and-ale-pie-991
161359,390,steak-and-ale-pie-424
57921,877,poitin-753
240944,836,steak-and-ale-pie-864
82514,991,ploughman's-lunch-398
83380,758,bubble-and-squeak-534
39393,878,cottage-pie-88
186117,124,poitin-796
277500,547,fish-and-chips-869
199465,632,steak-and-ale-pie-941
88674,942,bubble-and-squeak-240
241817,404,steak-and-ale-pie-547
194516,8,steak-and-ale-pie-111
5799,314,poitin-656
123347,371,cottage-pie-164
156099,834,ploughman's-lunch-6
85844,928,bubble-and-squeak-490
186801,802,fish-and-chips-706
98899,401,cottage-pie-291
98095,163,cottage-pie-293
10500,44,ploughman's-lunch-362
68398,402,bubble-and-squeak-927
170188,69,ploughman's-lunch-853
108752,72,steak-and-ale-pie-400
71388,15,fish-and-chips-165
263205,613,poitin-143
40922,890,bubble-and-squeak-785
256558,38,ploughman's-lunch-816
7928,413,ploughman's-lunch-639
168849,471,steak-and-ale-pie-585
8060,885,fish-and-chips-553
85132,3,cottage-pie-809
44388,799,fish-and-chips-158
137663,602,bubble-and-squeak-332
43874,148,fish-and-chips-880
2053,903,steak-and-ale-pie-500
274263,203,steak-and-ale-pie-97
67526,656,cottage-pie-643
4714,58,fish-and-chips-334
284906,282,bubble-and-squeak-606
63347,617,poitin-746
239631,949,steak-and-ale-pie-288
208719,358,fish-and-chips-185
185145,56,steak-and-ale-pie-732
108157,514,poitin-54
289263,634,steak-and-ale-pie-950
75890,272,poitin-469
57468,928,cottage-pie-486
269328,362,fish-and-chips-220
43614,419,cottage-pie-950
196703,22,steak-and-ale-pie-125
132768,108,cottage-pie-746
256298,936,fish-and-chips-678
34511,833,cottage-pie-943
111087,869,poitin-886
138409,551,ploughman's-lunch-318
175398,283,poitin-538
263487,867,cottage-pie-505
214805,428,cottage-pie-314
55871,745,ploughman's-lunch-241
64630,489,bubble-and-squeak-802
295222,578,steak-and-ale-pie-364
164316,65,bubble-and-squeak-667
137781,307,poitin-37
281546,263,bubble-and-squeak-582
3056,74,bubble-and-squeak-178
34663,192,steak-and-ale-pie-412
51142,438,poitin-872
243610,143,poitin-920
137471,804,steak-and-ale-pie-166
227163,812,steak-and-ale-pie-44
195012,611,steak-and-ale-pie-152
130781,233,cottage-pie-488
233150,262,steak-and-ale-pie-44
270451,494,fish-and-chips-761
53385,671,poitin-27
9740,541,bubble-and-squeak-9
219426,753,cottage-pie-671
233809,413,poitin-288
248108,730,steak-and-ale-pie-987
204234,49,fish-and-chips-219
67112,412,cottage-pie-479
208169,362,bubble-and-squeak-386
198257,838,steak-and-ale-pie-481
154032,756,poitin-153
19401,814,steak-and-ale-pie-925
58745,169,bubble-and-squeak-307
203147,417,fish-and-chips-178
188547,788,fish-and-chips-15
293681,48,bubble-and-squeak-623
76161,640,poitin-332
260281,198,bubble-and-squeak-190
33803,347,fish-and-chips-67
82095,28,poitin-648
38421,32,poitin-49
281945,394,cottage-pie-855
144193,989,steak-and-ale-pie-717
139305,724,bubble-and-squeak-728
265066,621,bubble-and-squeak-521
261395,105,steak-and-ale-pie-919
155081,877,fish-and-chips-624
26721,460,steak-and-ale-pie-661
92828,954,cottage-pie-374
173816,998,steak-and-ale-pie-134
202322,643,bubble-and-squeak-889
262930,481,ploughman's-lunch-993
272196,745,poitin-662
12934,487,ploughman's-lunch-270
185907,84,steak-and-ale-pie-443
146726,569,steak-and-ale-pie-356
257306,595,cottage-pie-377
181305,726,steak-and-ale-pie-654
276962,18,ploughman's-lunch-991
140443,697,poitin-649
195388,475,steak-and-ale-pie-72
233335,221,bubble-and-squeak-683
167884,499,cottage-pie-444
295141,387,cottage-pie-83
177525,713,ploughman's-lunch-217
147801,975,fish-and-chips-417
59834,645,ploughman's-lunch-961
25295,82,fish-and-chips-622
111277,878,cottage-pie-501
132743,279,steak-and-ale-pie-300
121675,935,ploughman's-lunch-831
180962,641,poitin-520
50754,995,fish-and-chips-851
109828,871,fish-and-chips-988
176455,910,cottage-pie-729
211428,812,poitin-548
68812,835,cottage-pie-399
33093,683,steak-and-ale-pie-308
31611,727,ploughman's-lunch-937
137905,947,bubble-and-squeak-626
154330,685,cottage-pie-969
16453,19,bubble-and-squeak-482
63321,233,bubble-and-squeak-981
129268,551,bubble-and-squeak-671
140876,403,fish-and-chips-338
124852,781,cottage-pie-441
240475,296,fish-and-chips-164
110918,601,steak-and-ale-pie-522
147433,105,poitin-186
88378,90,poitin-226
9983,261,poitin-638
65388,366,cottage-pie-948
28993,931,steak-and-ale-pie-231
119760,9,steak-and-ale-pie-253
175587,93,bubble-and-squeak-545
164101,185,fish-and-chips-712
143294,409,cottage-pie-275
176449,897,poitin-344
37152,408,bubble-and-squeak-147
122809,642,bubble-and-squeak-46
34107,999,fish-and-chips-266
118159,743,steak-and-ale-pie-85
157623,505,poitin-847
191880,772,cottage-pie-195
220841,720,cottage-pie-263
161706,355,ploughman's-lunch-345
264458,808,cottage-pie-621
103966,838,cottage-pie-512
140300,578,ploughman's-lunch-496
190531,486,poitin-272
103200,250,cottage-pie-293
279641,107,fish-and-chips-884
127928,506,cottage-pie-736
113243,97,ploughman's-lunch-762
277466,583,steak-and-ale-pie-300
118398,569,cottage-pie-475
288082,321,ploughman's-lunch-147
286945,989,poitin-248
161533,45,steak-and-ale-pie-485
148773,27,ploughman's-lunch-31
199490,987,cottage-pie-805
19658,104,steak-and-ale-pie-387
75065,396,cottage-pie-514
101242,954,poitin-54
22194,996,fish-and-chips-938
278404,25,poitin-57
77726,944,ploughman's-lunch-604
130703,531,poitin-908
78329,111,fish-and-chips-618
42321,699,poitin-194
278335,785,ploughman's-lunch-359
71582,704,fish-and-chips-676
184873,667,bubble-and-squeak-405
92067,635,bubble-and-squeak-140
5635,596,bubble-and-squeak-985
7905,395,fish-and-chips-890
131289,661,steak-and-ale-pie-715
146803,584,cottage-pie-609
86540,420,fish-and-chips-245
182790,817,cottage-pie-736
156929,594,fish-and-chips-319
147430,760,poitin-826
295823,899,cottage-pie-491
223571,641,fish-and-chips-503
210287,710,fish-and-chips-378
103947,705,ploughman's-lunch-716
40790,128,steak-and-ale-pie-42
106004,617,ploughman's-lunch-776
59721,197,poitin-928
41634,650,bubble-and-squeak-146
180716,655,poitin-112
116312,293,poitin-355
58262,890,poitin-688
149292,397,cottage-pie-228
95922,880,bubble-and-squeak-594
101257,271,poitin-179
99187,183,bubble-and-squeak-829
51873,881,poitin-152
282562,22,fish-and-chips-592
54744,927,steak-and-ale-pie-311
248932,214,fish-and-chips-504
281095,61,cottage-pie-599
287206,443,steak-and-ale-pie-488
71757,444,fish-and-chips-581
280475,735,bubble-and-squeak-960
59357,880,cottage-pie-973
190096,956,cottage-pie-723
75436,894,poitin-95
4134,928,cottage-pie-620
105195,616,cottage-pie-796
280495,779,cottage-pie-562
110089,653,poitin-862
284376,945,bubble-and-squeak-92
10894,744,ploughman's-lunch-303
130038,728,steak-and-ale-pie-390
250452,290,cottage-pie-24
50824,855,ploughman's-lunch-717
289931,885,bubble-and-squeak-480
264455,935,poitin-108
138311,826,fish-and-chips-608
64337,546,cottage-pie-231
233212,824,ploughman's-lunch-23
257947,306,cottage-pie-416
156368,406,poitin-732
103115,949,bubble-and-squeak-258
19681,484,fish-and-chips-455
285330,26,bubble-and-squeak-730
288892,35,cottage-pie-592
96980,73,poitin-719
196131,231,cottage-pie-948
170449,521,cottage-pie-39
99925,45,cottage-pie-885
288054,404,steak-and-ale-pie-718
51096,85,ploughman's-lunch-472
17670,752,bubble-and-squeak-805
13349,698,fish-and-chips-726
43371,115,bubble-and-squeak-470
17154,943,cottage-pie-130
265680,823,ploughman's-lunch-889
19067,570,fish-and-chips-802
240646,78,steak-and-ale-pie-71
199728,407,fish-and-chips-616
102934,476,steak-and-ale-pie-729
16059,908,bubble-and-squeak-716
219044,223,cottage-pie-230
284675,63,steak-and-ale-pie-376
64344,78,fish-and-chips-671
218426,156,ploughman's-lunch-718
57669,737,ploughman's-lunch-57
259188,928,bubble-and-squeak-434
58562,538,poitin-15
297280,861,bubble-and-squeak-589
149210,602,cottage-pie-716
291388,428,bubble-and-squeak-265
168031,505,bubble-and-squeak-418
142150,706,ploughman's-lunch-439
166158,472,ploughman's-lunch-753
236641,202,ploughman's-lunch-386
278629,144,ploughman's-lunch-123
32140,95,bubble-and-squeak-268
211796,847,poitin-588
223522,750,cottage-pie-367
151197,331,steak-and-ale-pie-331
147357,458,cottage-pie-795
162771,456,poitin-8
210584,774,poitin-503
181685,684,ploughman's-lunch-213
250347,108,poitin-975
78999,292,fish-and-chips-855
167853,591,cottage-pie-349
92397,271,poitin-962
267844,709,cottage-pie-3
92581,271,bubble-and-squeak-987
151184,808,cottage-pie-280
17689,757,steak-and-ale-pie-315
148762,742,bubble-and-squeak-130
129734,472,steak-and-ale-pie-786
36531,705,steak-and-ale-pie-668
233374,594,fish-and-chips-608
262532,195,poitin-683
91816,704,fish-and-chips-947
204592,520,poitin-131
284999,742,cottage-pie-614
259051,92,steak-and-ale-pie-21
200659,788,bubble-and-squeak-620
49517,14,ploughman's-lunch-827
284068,504,bubble-and-squeak-442
37340,551,ploughman's-lunch-141
254684,243,cottage-pie-469
173507,354,ploughman's-lunch-799
72957,514,cottage-pie-212
30936,671,fish-and-chips-987
280408,524,cottage-pie-347
213701,233,ploughman's-lunch-76
261720,465,bubble-and-squeak-954
293129,557,steak-and-ale-pie-581
275962,691,fish-and-chips-405
254698,577,cottage-pie-630
160209,902,ploughman's-lunch-811
228956,376,fish-and-chips-292
78271,6,fish-and-chips-893
73654,880,poitin-755
272778,773,ploughman's-lunch-728
294479,954,ploughman's-lunch-409
152304,859,steak-and-ale-pie-647
193890,684,ploughman's-lunch-445
145929,462,ploughman's-lunch-674
227254,962,poitin-736
261748,365,cottage-pie-532
165533,954,steak-and-ale-pie-981
246022,790,ploughman's-lunch-536
138945,779,cottage-pie-65
267214,797,fish-and-chips-141
22269,981,cottage-pie-381
119208,177,steak-and-ale-pie-544
111837,953,steak-and-ale-pie-788
220466,841,fish-and-chips-990
98302,332,steak-and-ale-pie-262
72122,10,poitin-389
237648,959,cottage-pie-522
233864,382,poitin-200
243360,38,ploughman's-lunch-976
174654,609,cottage-pie-374
135874,497,ploughman's-lunch-451
173064,861,bubble-and-squeak-640
92468,136,poitin-289
45293,82,cottage-pie-404
1355,946,poitin-7
130887,227,cottage-pie-116
239366,596,cottage-pie-243
281960,238,bubble-and-squeak-85
221437,459,cottage-pie-26
35569,416,bubble-and-squeak-296
285374,157,ploughman's-lunch-810
219932,123,fish-and-chips-151
118375,521,fish-and-chips-141
74418,552,cottage-pie-73
226633,939,ploughman's-lunch-711
98504,704,cottage-pie-150
205541,593,steak-and-ale-pie-992
268729,444,steak-and-ale-pie-661
15333,166,steak-and-ale-pie-588
34893,816,poitin-213
215811,481,poitin-619
155905,971,ploughman's-lunch-811
252281,520,poitin-21
235112,466,fish-and-chips-429
79090,609,ploughman's-lunch-710
297107,351,bubble-and-squeak-275
77618,846,steak-and-ale-pie-726
21865,152,ploughman's-lunch-644
36096,203,ploughman's-lunch-457
251089,210,poitin-782
135497,504,cottage-pie-197
154754,648,fish-and-chips-589
161771,515,ploughman's-lunch-982
91440,697,ploughman's-lunch-491
120998,208,poitin-573
208151,192,fish-and-chips-598
65382,648,cottage-pie-795
221527,618,fish-and-chips-267
143389,19,poitin-926
37630,639,cottage-pie-752
47831,780,steak-and-ale-pie-772
5088,247,bubble-and-squeak-85
260734,486,poitin-618
228729,818,steak-and-ale-pie-977
207818,697,poitin-961
159207,564,poitin-911
177795,796,bubble-and-squeak-894
164020,675,cottage-pie-895
252554,171,ploughman's-lunch-209
40186,426,poitin-938
70805,121,bubble-and-squeak-637
260909,12,cottage-pie-127
32794,225,cottage-pie-582
72299,819,poitin-577
153933,731,poitin-962
277067,160,poitin-838
245332,714,fish-and-chips-685
240142,991,ploughman's-lunch-116
146341,723,steak-and-ale-pie-862
270535,845,poitin-859
222499,499,bubble-and-squeak-654
284029,757,steak-and-ale-pie-275
14896,481,cottage-pie-931
234512,670,ploughman's-lunch-783
245097,656,fish-and-chips-114
96047,400,fish-and-chips-686
5883,321,poitin-965
270664,955,bubble-and-squeak-442
86433,437,steak-and-ale-pie-654
281855,673,steak-and-ale-pie-906
115622,270,poitin-475
289827,428,fish-and-chips-278
210760,116,ploughman's-lunch-304
217393,137,cottage-pie-291
161263,14,steak-and-ale-pie-804
71055,277,steak-and-ale-pie-137
51466,131,ploughman's-lunch-262
276244,473,bubble-and-squeak-498
106950,359,bubble-and-squeak-406
216170,414,ploughman's-lunch-178
277501,270,ploughman's-lunch-755
33866,840,cottage-pie-905
129377,119,bubble-and-squeak-585
26837,807,ploughman's-lunch-833
69975,8,steak-and-ale-pie-622
269061,741,ploughman's-lunch-406
71395,365,steak-and-ale-pie-648
245676,683,fish-and-chips-794
282028,567,poitin-485
139292,852,steak-and-ale-pie-60
48733,421,ploughman's-lunch-294
62724,784,poitin-768
140617,299,poitin-207
253739,626,fish-and-chips-963
253652,880,ploughman's-lunch-351
42485,224,cottage-pie-802
265086,618,poitin-178
188104,666,bubble-and-squeak-99
218096,831,bubble-and-squeak-573
109,279,poitin-72
243303,513,steak-and-ale-pie-831
35260,524,poitin-253
169252,945,steak-and-ale-pie-264
113765,530,steak-and-ale-pie-121
211277,193,poitin-640
20071,412,ploughman's-lunch-492
225833,136,bubble-and-squeak-505
204335,823,bubble-and-squeak-139
284230,770,cottage-pie-800
245895,733,ploughman's-lunch-374
28066,170,poitin-100
273290,859,steak-and-ale-pie-467
279336,686,cottage-pie-339
290373,840,bubble-and-squeak-666
98514,872,bubble-and-squeak-822
239836,835,steak-and-ale-pie-754
275754,964,fish-and-chips-56
64644,915,fish-and-chips-787
299656,830,ploughman's-lunch-250
187761,258,steak-and-ale-pie-954
79712,809,fish-and-chips-277
68911,188,cottage-pie-317
204900,813,ploughman's-lunch-319
282155,462,bubble-and-squeak-549
273773,283,steak-and-ale-pie-89
257201,21,steak-and-ale-pie-116
169890,542,steak-and-ale-pie-661
289138,380,fish-and-chips-396
13102,29,poitin-868
171389,689,steak-and-ale-pie-53
179327,181,ploughman's-lunch-280
108950,642,cottage-pie-521
157991,298,ploughman's-lunch-360
128749,282,bubble-and-squeak-294
128076,731,cottage-pie-81
77217,141,cottage-pie-961
108241,232,bubble-and-squeak-934
148663,120,cottage-pie-430
86419,586,poitin-541
12655,546,fish-and-chips-160
45920,689,cottage-pie-806
133497,824,poitin-323
131791,277,fish-and-chips-186
153512,854,cottage-pie-7
31061,814,ploughman's-lunch-628
36625,407,poitin-982
178903,491,fish-and-chips-368
95884,121,fish-and-chips-176
9232,564,poitin-626
81796,502,steak-and-ale-pie-19
246392,310,steak-and-ale-pie-17
266724,267,ploughman's-lunch-932
17182,296,poitin-340
283904,186,poitin-585
217683,84,fish-and-chips-641
128506,66,steak-and-ale-pie-951
79901,324,ploughman's-lunch-562
64742,579,ploughman's-lunch-252
67705,370,fish-and-chips-712
163248,104,poitin-976
253940,393,ploughman's-lunch-341
168512,264,cottage-pie-797
8217,979,steak-and-ale-pie-469
155876,973,fish-and-chips-743
216128,671,bubble-and-squeak-170
53833,342,bubble-and-squeak-609
45521,329,cottage-pie-255
273173,464,fish-and-chips-568
142779,374,poitin-218
109892,282,cottage-pie-516
24957,600,bubble-and-squeak-712
28629,955,poitin-461
274780,656,bubble-and-squeak-835
51805,258,steak-and-ale-pie-542
118814,266,steak-and-ale-pie-808
164854,409,cottage-pie-541
237125,854,steak-and-ale-pie-897
12165,919,steak-and-ale-pie-592
143692,11,cottage-pie-547
282540,159,ploughman's-lunch-959
89212,263,bubble-and-squeak-163
191150,736,bubble-and-squeak-102
90749,847,fish-and-chips-91
237964,35,cottage-pie-839
152033,620,cottage-pie-941
135283,466,steak-and-ale-pie-380
122995,842,bubble-and-squeak-348
262701,44,ploughman's-lunch-357
91847,813,poitin-325
83685,775,ploughman's-lunch-754
281227,959,ploughman's-lunch-903
289378,57,poitin-113
165061,10,steak-and-ale-pie-301
92096,129,cottage-pie-819
245177,618,steak-and-ale-pie-215
53,433,poitin-208
91385,808,cottage-pie-105
2114,334,bubble-and-squeak-267
111828,596,steak-and-ale-pie-908
127450,938,cottage-pie-933
100806,798,bubble-and-squeak-272
290221,501,poitin-226
21518,718,bubble-and-squeak-942
297370,568,cottage-pie-88
24122,762,poitin-116
227496,533,fish-and-chips-257
86793,272,bubble-and-squeak-354
88651,49,poitin-189
281713,947,bubble-and-squeak-521
187268,173,bubble-and-squeak-564
65805,212,poitin-583
250321,320,poitin-918
181705,973,bubble-and-squeak-455
282031,100,bubble-and-squeak-687
281439,287,steak-and-ale-pie-958
240158,813,poitin-830
3560,534,ploughman's-lunch-425
136333,496,poitin-245
191215,663,ploughman's-lunch-362
50868,440,bubble-and-squeak-552
59405,103,bubble-and-squeak-349
270559,673,bubble-and-squeak-6
185611,24,ploughman's-lunch-541
142033,601,ploughman's-lunch-867
241714,517,ploughman's-lunch-294
32697,843,ploughman's-lunch-941
245182,256,steak-and-ale-pie-55
244739,777,steak-and-ale-pie-839
287440,377,fish-and-chips-31
264623,590,ploughman's-lunch-121
285069,596,bubble-and-squeak-108
178872,429,ploughman's-lunch-379
21230,187,fish-and-chips-14
282206,382,fish-and-chips-651
82052,75,ploughman's-lunch-958
32303,52,cottage-pie-135
265437,851,fish-and-chips-917
105813,99,bubble-and-squeak-478
108456,964,steak-and-ale-pie-751
139970,58,cottage-pie-550
44559,40,bubble-and-squeak-516
244077,750,bubble-and-squeak-201
287573,194,ploughman's-lunch-179
77946,305,bubble-and-squeak-90
273073,808,bubble-and-squeak-152
152270,57,poitin-701
57609,550,ploughman's-lunch-808
234796,473,cottage-pie-73
35707,515,fish-and-chips-101
5687,151,ploughman's-lunch-500
101189,675,bubble-and-squeak-402
275156,101,steak-and-ale-pie-472
219266,255,steak-and-ale-pie-983
62642,355,bubble-and-squeak-644
276745,343,poitin-588
124756,768,fish-and-chips-889
101806,639,poitin-221
146880,815,steak-and-ale-pie-275
208876,58,ploughman's-lunch-347
146870,482,fish-and-chips-709
110778,241,bubble-and-squeak-111
129329,176,poitin-666
242265,827,poitin-670
64677,273,poitin-635
291535,173,ploughman's-lunch-35
144161,258,cottage-pie-722
161411,277,bubble-and-squeak-195
34892,127,ploughman's-lunch-157
102485,798,poitin-299
72654,293,bubble-and-squeak-407
146890,526,poitin-114
208833,345,fish-and-chips-253
286430,236,ploughman's-lunch-848
15067,446,cottage-pie-956
109261,753,steak-and-ale-pie-683
149031,454,ploughman's-lunch-905
144335,233,poitin-31
120380,240,bubble-and-squeak-237
139140,17,fish-and-chips-528
155246,447,poitin-527
278842,520,poitin-254
140335,52,cottage-pie-705
168918,450,ploughman's-lunch-138
260681,951,cottage-pie-929
169728,626,poitin-785
129145,315,ploughman's-lunch-466
32114,395,steak-and-ale-pie-870
75806,592,fish-and-chips-420
206530,253,steak-and-ale-pie-184
116512,579,fish-and-chips-536
191081,571,bubble-and-squeak-1000
7869,668,cottage-pie-27
86870,485,fish-and-chips-79
183176,777,fish-and-chips-459
246046,47,ploughman's-lunch-651
40222,411,fish-and-chips-616
68475,524,bubble-and-squeak-475
122658,924,steak-and-ale-pie-553
117165,290,steak-and-ale-pie-299
272688,285,ploughman's-lunch-519
203940,722,ploughman's-lunch-887
4509,569,bubble-and-squeak-866
274348,64,ploughman's-lunch-747
83265,952,fish-and-chips-680
279319,979,steak-and-ale-pie-928
15854,445,ploughman's-lunch-812
250955,313,bubble-and-squeak-49
265070,628,cottage-pie-866
52836,96,poitin-955
43055,335,cottage-pie-620
104534,617,bubble-and-squeak-889
34816,342,fish-and-chips-751
58615,332,ploughman's-lunch-20
73367,791,bubble-and-squeak-126
44190,8,bubble-and-squeak-437
116898,582,bubble-and-squeak-182
106017,135,steak-and-ale-pie-711
280262,452,bubble-and-squeak-44
62642,262,cottage-pie-91
144387,982,ploughman's-lunch-506
143135,386,fish-and-chips-926
126132,924,steak-and-ale-pie-285
264646,868,bubble-and-squeak-575
229308,954,poitin-312
209647,972,poitin-653
154080,286,bubble-and-squeak-1
245976,427,cottage-pie-14
214732,505,fish-and-chips-328
7894,212,fish-and-chips-995
237187,149,poitin-25
96526,511,poitin-413
56876,517,poitin-250
184757,410,ploughman's-lunch-709
225436,471,steak-and-ale-pie-693
215092,901,ploughman's-lunch-210
17263,114,ploughman's-lunch-662
139905,956,steak-and-ale-pie-518
35138,334,fish-and-chips-535
179770,156,ploughman's-lunch-862
148229,951,bubble-and-squeak-219
84955,470,poitin-333
162866,114,steak-and-ale-pie-439
204903,817,steak-and-ale-pie-925
9927,526,fish-and-chips-751
275028,203,ploughman's-lunch-568
25734,789,bubble-and-squeak-326
194789,85,bubble-and-squeak-383
70575,839,steak-and-ale-pie-762
27808,320,cottage-pie-536
74479,712,steak-and-ale-pie-931
155147,706,poitin-858
55946,568,bubble-and-squeak-775
280008,312,fish-and-chips-786
107847,523,poitin-459
203335,643,fish-and-chips-975
186119,695,fish-and-chips-179
218369,354,fish-and-chips-345
51484,1000,fish-and-chips-260
15231,794,steak-and-ale-pie-756
222674,722,poitin-383
231710,563,steak-and-ale-pie-812
78677,775,bubble-and-squeak-15
237552,239,steak-and-ale-pie-687
237388,539,ploughman's-lunch-494
28984,6,cottage-pie-35
284163,440,bubble-and-squeak-698
10721,630,bubble-and-squeak-411
149828,209,cottage-pie-687
18227,900,poitin-209
70295,638,ploughman's-lunch-331
93224,125,steak-and-ale-pie-741
232416,219,bubble-and-squeak-163
159197,623,cottage-pie-750
171227,563,fish-and-chips-725
220982,646,fish-and-chips-9
240820,668,poitin-188
188963,313,cottage-pie-123
192551,147,bubble-and-squeak-236
145487,370,cottage-pie-746
210543,262,cottage-pie-449
36721,974,ploughman's-lunch-115
61682,719,cottage-pie-979
2662,244,cottage-pie-121
37617,821,fish-and-chips-493
284300,733,poitin-649
281060,755,steak-and-ale-pie-613
249123,404,poitin-189
252368,98,cottage-pie-959
21536,750,ploughman's-lunch-640
235809,351,poitin-583
162849,506,poitin-834
156966,320,steak-and-ale-pie-929
61936,597,poitin-42
195668,882,fish-and-chips-971
94640,96,steak-and-ale-pie-482
221495,920,bubble-and-squeak-372
275435,115,steak-and-ale-pie-331
163158,829,bubble-and-squeak-932
226653,275,cottage-pie-554
5618,428,ploughman's-lunch-145
10127,673,cottage-pie-649
25412,740,fish-and-chips-642
225982,675,fish-and-chips-807
124747,959,cottage-pie-555
124798,123,poitin-326
206540,644,cottage-pie-908
296509,850,poitin-402
121083,557,ploughman's-lunch-599
59223,918,steak-and-ale-pie-501
147920,156,fish-and-chips-816
96733,156,poitin-12
24379,136,bubble-and-squeak-396
102726,57,cottage-pie-229
172911,625,bubble-and-squeak-545
288507,379,poitin-154
88758,642,steak-and-ale-pie-847
274698,81,poitin-220
266677,60,fish-and-chips-424
265798,234,bubble-and-squeak-716
121797,774,bubble-and-squeak-407
143724,298,fish-and-chips-754
10939,682,fish-and-chips-180
197371,48,ploughman's-lunch-63
290350,753,ploughman's-lunch-557
286556,840,poitin-249
89279,959,cottage-pie-51
252470,235,ploughman's-lunch-550
245707,88,fish-and-chips-417
293588,73,cottage-pie-559
95605,573,bubble-and-squeak-964
234675,252,cottage-pie-184
8252,178,poitin-638
151663,877,ploughman's-lunch-667
139533,505,fish-and-chips-621
202133,693,ploughman's-lunch-491
73628,585,ploughman's-lunch-42
221576,24,steak-and-ale-pie-97
250362,317,bubble-and-squeak-154
170688,71,fish-and-chips-717
190857,915,steak-and-ale-pie-515
134953,981,poitin-853
56111,391,poitin-103
194677,990,poitin-911
159380,872,poitin-779
214446,92,fish-and-chips-853
25726,731,ploughman's-lunch-648
215503,420,bubble-and-squeak-511
294415,420,fish-and-chips-310
42320,216,fish-and-chips-686
45697,100,ploughman's-lunch-364
49822,625,fish-and-chips-255
243168,539,poitin-245
56059,284,steak-and-ale-pie-308
104395,895,poitin-75
238488,122,poitin-278
107121,313,steak-and-ale-pie-643
142982,283,fish-and-chips-740
76834,715,poitin-830
107499,198,bubble-and-squeak-782
46226,768,bubble-and-squeak-381
157369,520,bubble-and-squeak-3
60915,381,cottage-pie-872
252386,720,cottage-pie-578
18294,942,fish-and-chips-964
115924,862,bubble-and-squeak-626
91014,549,steak-and-ale-pie-571
139003,373,steak-and-ale-pie-331
256003,474,bubble-and-squeak-263
45450,34,bubble-and-squeak-110
167991,460,poitin-914
168494,143,cottage-pie-117
152773,203,poitin-802
297510,855,cottage-pie-967
144373,123,fish-and-chips-783
157368,519,steak-and-ale-pie-770
174693,291,ploughman's-lunch-450
192367,745,bubble-and-squeak-684
224137,765,ploughman's-lunch-904
67921,751,steak-and-ale-pie-738
77850,7,bubble-and-squeak-299
292299,424,fish-and-chips-171
101945,339,fish-and-chips-243
144688,360,ploughman's-lunch-894
188631,197,bubble-and-squeak-1
205000,321,fish-and-chips-256
135452,603,steak-and-ale-pie-936
295815,373,poitin-617
228855,936,bubble-and-squeak-108
68822,617,ploughman's-lunch-624
10071,100,steak-and-ale-pie-170
148054,524,fish-and-chips-718
195641,338,steak-and-ale-pie-350
279099,668,bubble-and-squeak-901
115119,451,poitin-616
39842,82,cottage-pie-199
104627,870,cottage-pie-764
199258,519,poitin-635
126380,717,cottage-pie-922
214650,130,ploughman's-lunch-415
103918,88,cottage-pie-157
83335,999,ploughman's-lunch-243
163055,169,poitin-576
171880,533,steak-and-ale-pie-371
167974,670,steak-and-ale-pie-616
190111,106,ploughman's-lunch-877
36900,870,cottage-pie-105
212822,673,bubble-and-squeak-396
106520,563,fish-and-chips-70
29853,332,steak-and-ale-pie-287
297716,157,bubble-and-squeak-725
28545,958,fish-and-chips-466
292927,144,bubble-and-squeak-937
183449,736,fish-and-chips-678
18169,381,poitin-872
202908,257,poitin-307
141147,21,ploughman's-lunch-881
19082,456,cottage-pie-768
58806,286,steak-and-ale-pie-925
62917,44,steak-and-ale-pie-312
15062,253,fish-and-chips-874
265876,685,steak-and-ale-pie-175
244173,430,poitin-614
198021,816,steak-and-ale-pie-779
121943,518,bubble-and-squeak-424
296777,898,cottage-pie-631
36120,970,poitin-783
280629,351,steak-and-ale-pie-204
18800,186,ploughman's-lunch-640
230508,154,fish-and-chips-82
253997,645,fish-and-chips-523
248602,97,steak-and-ale-pie-849
281158,550,steak-and-ale-pie-831
275767,928,poitin-312
165168,465,ploughman's-lunch-818
131700,93,steak-and-ale-pie-830
52203,690,ploughman's-lunch-59
36873,550,poitin-815
85679,93,bubble-and-squeak-581
170306,374,fish-and-chips-567
124115,101,poitin-428
150886,596,ploughman's-lunch-741
185299,100,steak-and-ale-pie-815
213135,276,bubble-and-squeak-231
65927,438,steak-and-ale-pie-510
291715,471,cottage-pie-629
156730,107,ploughman's-lunch-644
173924,999,steak-and-ale-pie-848
296088,680,cottage-pie-409
40132,202,steak-and-ale-pie-43
232058,929,poitin-80
5442,171,cottage-pie-871
297723,924,bubble-and-squeak-379
97589,873,cottage-pie-856
181433,832,bubble-and-squeak-279
55778,609,fish-and-chips-938
150430,505,fish-and-chips-369
75804,315,steak-and-ale-pie-29
190273,241,ploughman's-lunch-553
250002,425,poitin-254
253965,5,fish-and-chips-123
50961,559,fish-and-chips-413
185467,844,fish-and-chips-751
159470,399,bubble-and-squeak-851
242323,715,cottage-pie-220
233972,279,poitin-269
272677,967,steak-and-ale-pie-540
119097,531,poitin-146
106656,65,cottage-pie-620
27110,823,bubble-and-squeak-135
140242,398,ploughman's-lunch-733
112230,218,ploughman's-lunch-333
95120,249,steak-and-ale-pie-686
76250,303,poitin-755
101039,930,steak-and-ale-pie-709
1700,54,cottage-pie-182
79799,305,fish-and-chips-213
8578,43,bubble-and-squeak-778
279796,74,poitin-957
977,504,fish-and-chips-65
260050,688,bubble-and-squeak-324
68008,19,ploughman's-lunch-726
150795,470,steak-and-ale-pie-990
238154,564,bubble-and-squeak-304
41246,631,steak-and-ale-pie-757
5212,214,cottage-pie-264
291917,611,cottage-pie-541
233314,707,cottage-pie-691
201562,937,fish-and-chips-368
80091,316,poitin-125
205855,125,cottage-pie-877
99675,966,steak-and-ale-pie-132
61452,655,ploughman's-lunch-784
245133,318,bubble-and-squeak-289
236500,690,fish-and-chips-260
54569,206,ploughman's-lunch-112
235086,808,steak-and-ale-pie-632
226801,917,steak-and-ale-pie-962
282357,864,bubble-and-squeak-765
125634,723,ploughman's-lunch-594
84991,699,poitin-965
278237,606,steak-and-ale-pie-337
117481,556,fish-and-chips-556
27450,427,steak-and-ale-pie-370
111669,155,poitin-437
275170,308,bubble-and-squeak-724
220243,43,ploughman's-lunch-764
250870,471,poitin-209
238101,201,bubble-and-squeak-163
275540,474,ploughman's-lunch-646
190784,626,bubble-and-squeak-90
27704,288,bubble-and-squeak-23
139177,195,cottage-pie-286
262594,120,cottage-pie-747
37971,312,bubble-and-squeak-312
192697,511,ploughman's-lunch-185
272590,358,cottage-pie-280
129802,962,cottage-pie-357
204845,831,bubble-and-squeak-685
48993,841,steak-and-ale-pie-323
196146,839,bubble-and-squeak-191
284622,208,poitin-606
221891,207,steak-and-ale-pie-200
120730,757,ploughman's-lunch-41
151467,71,steak-and-ale-pie-461
131296,505,steak-and-ale-pie-641
142361,620,steak-and-ale-pie-918
252592,415,fish-and-chips-800
126990,596,fish-and-chips-569
122062,860,ploughman's-lunch-518
43139,916,poitin-668
50524,774,fish-and-chips-256
124575,246,bubble-and-squeak-867
180427,110,fish-and-chips-220
43317,187,bubble-and-squeak-905
79196,641,fish-and-chips-579
119575,925,ploughman's-lunch-355
